# page-membership gap-fill (find_data_gaps targets; MediaWiki API; Haiku centrality). relation=element_of. cols: a	b	stratum	wl	mu	relation	a_type	b_type
Public_toilets_automation	Exergy_efficiency	neg	-1	0.0	element_of	category	page
Galaxies	Parallel_task_scheduling	neg	-1	0.0	element_of	category	page
Comedians	Passband	neg	-1	0.0	element_of	category	page
Television_stations	Mathieu_wavelet	neg	-1	0.0	element_of	category	page
Cooking	Duality_gap	neg	-1	0.0	element_of	category	page
Cooking	TAPAAL_Model_Checker	neg	-1	0.0	element_of	category	page
Packing_problems	Close-packing_of_equal_spheres	pos_pageof_packing_prob	-1	1.0	element_of	category	page
Tornado	Non-linear_multi-dimensional_signal_processing	neg	-1	0.0	element_of	category	page
Tornado	Polygon_partition	neg	-1	0.0	element_of	category	page
Linear_filters	Bridged_T_delay_equaliser	pos_pageof_linear_filte	-1	0.8	element_of	category	page
Comedians	Harmonic_wavelet_transform	neg	-1	0.0	element_of	category	page
Linear_programming	Dual_linear_program	pos_pageof_linear_progr	-1	1.0	element_of	category	page
Public_toilets_automation	Maximum_flow_problem	neg	-1	0.0	element_of	category	page
Television_stations	Basic_solution_(linear_programming)	neg	-1	0.0	element_of	category	page
Linear_programming	Revised_simplex_method	pos_pageof_linear_progr	-1	1.0	element_of	category	page
Cooking	Network_synthesis_filters	neg	-1	0.0	element_of	category	page
Linear_filters	Linkwitz–Riley_filter	pos_pageof_linear_filte	-1	0.8	element_of	category	page
1978_albums	Duality_gap	neg	-1	0.0	element_of	category	page
Comedians	Composite_image_filter	neg	-1	0.0	element_of	category	page
Comedians	Jarzynski_equality	neg	-1	0.0	element_of	category	page
Organizational_cybernetics	Network-centric_organization	pos_pageof_organization	-1	0.6	element_of	category	page
Galaxies	Non-equilibrium_statistical_mechanics	neg	-1	0.0	element_of	category	page
Packing_problems	List_of_shapes_with_known_packing_constant	pos_pageof_packing_prob	-1	1.0	element_of	category	page
Television_stations	Simplex_algorithm	neg	-1	0.0	element_of	category	page
Public_toilets_automation	Vertex_enumeration_problem	neg	-1	0.0	element_of	category	page
Chess_openings	Kepler_conjecture	neg	-1	0.0	element_of	category	page
Linear_filters	Active_filter	pos_pageof_linear_filte	-1	1.0	element_of	category	page
Packing_problems	Rectangle_packing	pos_pageof_packing_prob	-1	0.8	element_of	category	page
Linear_filters	Analogue_filter	pos_pageof_linear_filte	-1	1.0	element_of	category	page
Public_toilets_automation	Expected_shortfall	neg	-1	0.0	element_of	category	page
Public_toilets_automation	Edmonds–Karp_algorithm	neg	-1	0.0	element_of	category	page
Cooking	Hirsch_conjecture	neg	-1	0.0	element_of	category	page
Medieval_knights	Exergy_efficiency	neg	-1	0.0	element_of	category	page
Television_stations	Workplace_robotics_safety	neg	-1	0.0	element_of	category	page
Feudalism	Ensemble_Kalman_filter	neg	-1	0.0	element_of	category	page
Packing_problems	Sphere_packing_in_a_cube	pos_pageof_packing_prob	-1	0.8	element_of	category	page
Chess_openings	Quadratic_knapsack_problem	neg	-1	0.0	element_of	category	page
Galaxies	Configuration_linear_program	neg	-1	0.0	element_of	category	page
Network_flow_problem	Braess's_paradox	pos_pageof_network_flow	-1	0.4	element_of	category	page
Feudalism	Quarter-wave_impedance_transformer	neg	-1	0.0	element_of	category	page
Public_toilets_automation	Shearlet	neg	-1	0.0	element_of	category	page
Galaxies	Crooks_fluctuation_theorem	neg	-1	0.0	element_of	category	page
Organizational_cybernetics	Workplace_robotics_safety	pos_pageof_organization	-1	0.4	element_of	category	page
Feudalism	Linear_programming_relaxation	neg	-1	0.0	element_of	category	page
Network_flow_problem	Push–relabel_maximum_flow_algorithm	pos_pageof_network_flow	-1	1.0	element_of	category	page
Galaxies	Out-of-kilter_algorithm	neg	-1	0.0	element_of	category	page
Chess_openings	Capacitor-input_filter	neg	-1	0.0	element_of	category	page
Comedians	Loschmidt's_paradox	neg	-1	0.0	element_of	category	page
Wavelets	Dual_wavelet	pos_pageof_wavelets	-1	1.0	element_of	category	page
1978_albums	Push–relabel_maximum_flow_algorithm	neg	-1	0.0	element_of	category	page
Galaxies	Wavelet_for_multidimensional_signals_analysis	neg	-1	0.0	element_of	category	page
Linear_filters	Anti-aliasing_filter	pos_pageof_linear_filte	-1	0.8	element_of	category	page
1978_albums	Network_simplex_algorithm	neg	-1	0.0	element_of	category	page
1978_albums	Generalized_lifting	neg	-1	0.0	element_of	category	page
Linear_programming	Expected_shortfall	pos_pageof_linear_progr	-1	0.4	element_of	category	page
Cooking	Network-centric_organization	neg	-1	0.0	element_of	category	page
Tornado	BLAST_model_checker	neg	-1	0.0	element_of	category	page
Television_stations	Achieser–Zolotarev_filter	neg	-1	0.0	element_of	category	page
Network_flow_problem	Max-flow_min-cut_theorem	pos_pageof_network_flow	-1	1.0	element_of	category	page
Television_stations	Thermal_transpiration	neg	-1	0.0	element_of	category	page
Public_toilets_automation	Sinc_filter	neg	-1	0.0	element_of	category	page
Linear_programming	Dantzig–Wolfe_decomposition	pos_pageof_linear_progr	-1	1.0	element_of	category	page
Linear_filters	Bartlett's_bisection_theorem	pos_pageof_linear_filte	-1	0.6	element_of	category	page
Feudalism	TAPAs_model_checker	neg	-1	0.0	element_of	category	page
Linear_programming	Klee–Minty_cube	pos_pageof_linear_progr	-1	1.0	element_of	category	page
Television_stations	Minimum_relevant_variables_in_linear_system	neg	-1	0.0	element_of	category	page
Public_toilets_automation	Stationary_wavelet_transform	neg	-1	0.0	element_of	category	page
Tornado	Intra-household_bargaining	neg	-1	0.0	element_of	category	page
Linear_programming	Linear-fractional_programming	pos_pageof_linear_progr	-1	0.8	element_of	category	page
Tornado	Mehrotra_predictor–corrector_method	neg	-1	0.0	element_of	category	page
Tornado	Maximum_entropy_thermodynamics	neg	-1	0.0	element_of	category	page
Galaxies	Romeo_Model_Checker	neg	-1	0.0	element_of	category	page
1978_albums	Gabor_wavelet	neg	-1	0.0	element_of	category	page
Linear_programming	Duality_(optimization)	pos_pageof_linear_progr	-1	1.0	element_of	category	page
Galaxies	Minimum_cut	neg	-1	0.0	element_of	category	page
1978_albums	Sphere_packing_in_a_cylinder	neg	-1	0.0	element_of	category	page
Linear_programming	Omega_ratio	pos_pageof_linear_progr	-1	0.4	element_of	category	page
Network_flow_problem	Edmonds–Karp_algorithm	pos_pageof_network_flow	-1	1.0	element_of	category	page
Television_stations	Capacitor-input_filter	neg	-1	0.0	element_of	category	page
Medieval_knights	Edmonds–Karp_algorithm	neg	-1	0.0	element_of	category	page
Wavelets	Shearlet	pos_pageof_wavelets	-1	0.8	element_of	category	page
Linear_programming	Network_simplex_algorithm	pos_pageof_linear_progr	-1	1.0	element_of	category	page
Galaxies	Wavelet_transform	neg	-1	0.0	element_of	category	page
Packing_problems	Sphere_packing_in_a_cylinder	pos_pageof_packing_prob	-1	0.8	element_of	category	page
Medieval_knights	Dynamic_link_matching	neg	-1	0.0	element_of	category	page
Feudalism	Minimum_cut	neg	-1	0.0	element_of	category	page
Tornado	Linear_programming_decoding	neg	-1	0.0	element_of	category	page
Public_toilets_automation	Approximate_max-flow_min-cut_theorem	neg	-1	0.0	element_of	category	page
Chess_openings	Simplex_algorithm	neg	-1	0.0	element_of	category	page
Linear_filters	Frequency-dependent_negative_resistor	pos_pageof_linear_filte	-1	0.6	element_of	category	page
Tornado	Optimum_"L"_filter	neg	-1	0.0	element_of	category	page
Cooking	Graver_basis	neg	-1	0.0	element_of	category	page
Feudalism	Digital_biquad_filter	neg	-1	0.0	element_of	category	page
1978_albums	Uppaal_Model_Checker	neg	-1	0.0	element_of	category	page
Filter_frequency_response	Band-stop_filter	pos_pageof_filter_frequ	-1	1.0	element_of	category	page
Model_checkers	TAPAAL_Model_Checker	pos_pageof_model_checke	-1	1.0	element_of	category	page
Feudalism	BLAST_model_checker	neg	-1	0.0	element_of	category	page
Organizational_cybernetics	Quality_function_deployment	pos_pageof_organization	-1	0.6	element_of	category	page
Tornado	Expected_shortfall	neg	-1	0.0	element_of	category	page
Tornado	Bridged_T_delay_equaliser	neg	-1	0.0	element_of	category	page
Linear_filters	Ensemble_Kalman_filter	pos_pageof_linear_filte	-1	0.8	element_of	category	page
Television_stations	List_of_wavelet-related_transforms	neg	-1	0.0	element_of	category	page
Television_stations	Minimum-cost_flow_problem	neg	-1	0.0	element_of	category	page
Public_toilets_automation	Composite_image_filter	neg	-1	0.0	element_of	category	page
Linear_programming	Criss-cross_algorithm	pos_pageof_linear_progr	-1	1.0	element_of	category	page
Cooking	Electrokinetic_phenomena	neg	-1	0.0	element_of	category	page
Feudalism	Set_partitioning_in_hierarchical_trees	neg	-1	0.0	element_of	category	page
Public_toilets_automation	Band-pass_filter	neg	-1	0.0	element_of	category	page
Tornado	Digital_biquad_filter	neg	-1	0.0	element_of	category	page
Feudalism	Band-stop_filter	neg	-1	0.0	element_of	category	page
Wavelets	Refinable_function	pos_pageof_wavelets	-1	0.8	element_of	category	page
Wavelets	Fractional_wavelet_transform	pos_pageof_wavelets	-1	0.8	element_of	category	page
Television_stations	Slack_variable	neg	-1	0.0	element_of	category	page
Feudalism	H-theorem	neg	-1	0.0	element_of	category	page
Feudalism	Nonequilibrium_partition_identity	neg	-1	0.0	element_of	category	page
Packing_problems	Kissing_number	pos_pageof_packing_prob	-1	1.0	element_of	category	page
Television_stations	Slothouber–Graatsma_puzzle	neg	-1	0.0	element_of	category	page
Wavelets	Discrete_wavelet_transform	pos_pageof_wavelets	-1	1.0	element_of	category	page
Linear_filters	Gaussian_filter	pos_pageof_linear_filte	-1	1.0	element_of	category	page
Wavelets	JPEG_2000	pos_pageof_wavelets	-1	0.6	element_of	category	page
Model_checkers	TAPAs_model_checker	pos_pageof_model_checke	-1	1.0	element_of	category	page
1978_albums	Jean_Morlet	neg	-1	0.0	element_of	category	page
Linear_filters	Achieser–Zolotarev_filter	pos_pageof_linear_filte	-1	0.8	element_of	category	page
1978_albums	Transition_band	neg	-1	0.0	element_of	category	page
Chess_openings	Cooperative_bargaining	neg	-1	0.0	element_of	category	page
Feudalism	Multi-core_network_packet_steering	neg	-1	0.0	element_of	category	page
Cooking	Fast_wavelet_transform	neg	-1	0.0	element_of	category	page
Medieval_knights	Pixlet	neg	-1	0.0	element_of	category	page
Cooking	Anti-aliasing_filter	neg	-1	0.0	element_of	category	page
Tornado	Total_institution	neg	-1	0.0	element_of	category	page
Packing_problems	Tripod_packing	pos_pageof_packing_prob	-1	0.8	element_of	category	page
Tornado	Active_filter	neg	-1	0.0	element_of	category	page
Linear_filters	Gammatone_filter	pos_pageof_linear_filte	-1	0.8	element_of	category	page
1978_albums	LP-type_problem	neg	-1	0.0	element_of	category	page
Feudalism	Packing_density	neg	-1	0.0	element_of	category	page
Chess_openings	Benson's_algorithm	neg	-1	0.0	element_of	category	page
1978_albums	Kissing_number	neg	-1	0.0	element_of	category	page
Galaxies	High-pass_filter	neg	-1	0.0	element_of	category	page
Packing_problems	Sphere_packing	pos_pageof_packing_prob	-1	1.0	element_of	category	page
Linear_filters	Quarter-wave_impedance_transformer	pos_pageof_linear_filte	-1	0.6	element_of	category	page
Linear_filters	Antimetric_electrical_network	pos_pageof_linear_filte	-1	0.6	element_of	category	page
Galaxies	Apollonian_sphere_packing	neg	-1	0.0	element_of	category	page
Chess_openings	Thermophoresis	neg	-1	0.0	element_of	category	page
Feudalism	Assignment_problem	neg	-1	0.0	element_of	category	page
Television_stations	Basic_feasible_solution	neg	-1	0.0	element_of	category	page
Linear_programming	Multi-objective_linear_programming	pos_pageof_linear_progr	-1	0.8	element_of	category	page
Cooking	Minimum_relevant_variables_in_linear_system	neg	-1	0.0	element_of	category	page
Chess_openings	Lattice_delay_network	neg	-1	0.0	element_of	category	page
Tornado	Band-pass_filter	neg	-1	0.0	element_of	category	page
Feudalism	Romeo_Model_Checker	neg	-1	0.0	element_of	category	page
Cooking	Coiflet	neg	-1	0.0	element_of	category	page
Television_stations	The_Pursuit_of_Perfect_Packing	neg	-1	0.0	element_of	category	page
Non-equilibrium_thermodynamics	Exergy_efficiency	pos_pageof_non-equilibr	-1	0.6	element_of	category	page
Tornado	Top-hat_filter	neg	-1	0.0	element_of	category	page
Model_checkers	Libdmc	pos_pageof_model_checke	-1	1.0	element_of	category	page
Comedians	Two-dimensional_gas	neg	-1	0.0	element_of	category	page
Feudalism	Audio_equalization	neg	-1	0.0	element_of	category	page
Chess_openings	Image_filter_end_terminations	neg	-1	0.0	element_of	category	page
1978_albums	Belousov–Zhabotinsky_reaction	neg	-1	0.0	element_of	category	page
Public_toilets_automation	Coiflet	neg	-1	0.0	element_of	category	page
Wavelets	List_of_wavelet-related_transforms	pos_pageof_wavelets	-1	1.0	element_of	category	page
Television_stations	Polygon_partition	neg	-1	0.0	element_of	category	page
Medieval_knights	Zero-point_energy	neg	-1	0.0	element_of	category	page
Bargaining_theory	Rubinstein_bargaining_model	pos_pageof_bargaining_t	-1	1.0	element_of	category	page
Chess_openings	Ellipsoid_method	neg	-1	0.0	element_of	category	page
Feudalism	Bessel_filter	neg	-1	0.0	element_of	category	page
1978_albums	Linear_programming_relaxation	neg	-1	0.0	element_of	category	page
Public_toilets_automation	Dissipative_system	neg	-1	0.0	element_of	category	page
Tornado	Duality_gap	neg	-1	0.0	element_of	category	page
Tornado	Low-pass_filter	neg	-1	0.0	element_of	category	page
Non-equilibrium_thermodynamics	BBGKY_hierarchy	pos_pageof_non-equilibr	-1	0.8	element_of	category	page
Filter_frequency_response	Bandwidth_(signal_processing)	pos_pageof_filter_frequ	-1	1.0	element_of	category	page
Tornado	Revised_simplex_method	neg	-1	0.0	element_of	category	page
Model_checkers	Uppaal_Model_Checker	pos_pageof_model_checke	-1	1.0	element_of	category	page
Linear_filters	Gabor_filter	pos_pageof_linear_filte	-1	1.0	element_of	category	page
Chess_openings	Criss-cross_algorithm	neg	-1	0.0	element_of	category	page
Non-equilibrium_thermodynamics	Detailed_balance	pos_pageof_non-equilibr	-1	0.8	element_of	category	page
Galaxies	Promela	neg	-1	0.0	element_of	category	page
Feudalism	Integer_points_in_convex_polyhedra	neg	-1	0.0	element_of	category	page
Non-equilibrium_thermodynamics	Chemical_clock	pos_pageof_non-equilibr	-1	0.6	element_of	category	page
Comedians	Polyphase_matrix	neg	-1	0.0	element_of	category	page
Linear_programming	Basic_solution_(linear_programming)	pos_pageof_linear_progr	-1	1.0	element_of	category	page
Wavelets	Wavelet_modulation	pos_pageof_wavelets	-1	0.8	element_of	category	page
Filter_frequency_response	Transition_band	pos_pageof_filter_frequ	-1	1.0	element_of	category	page
Galaxies	Curvelet	neg	-1	0.0	element_of	category	page
Tornado	Shearlet	neg	-1	0.0	element_of	category	page
Cooking	Packing_density	neg	-1	0.0	element_of	category	page
Linear_filters	Polyphase_quadrature_filter	pos_pageof_linear_filte	-1	0.8	element_of	category	page
Linear_filters	Unscented_transform	pos_pageof_linear_filte	-1	0.6	element_of	category	page
Medieval_knights	Multi-commodity_flow_problem	neg	-1	0.0	element_of	category	page
Public_toilets_automation	Cooperative_bargaining	neg	-1	0.0	element_of	category	page
1978_albums	Stationary_wavelet_transform	neg	-1	0.0	element_of	category	page
Chess_openings	Modified_Morlet_wavelet	neg	-1	0.0	element_of	category	page
Public_toilets_automation	Multiresolution_analysis	neg	-1	0.0	element_of	category	page
Cooking	Push–relabel_maximum_flow_algorithm	neg	-1	0.0	element_of	category	page
Tornado	Sphere_packing_in_a_sphere	neg	-1	0.0	element_of	category	page
Linear_filters	Waveguide_filter	pos_pageof_linear_filte	-1	0.8	element_of	category	page
Wavelets	Progressive_Graphics_File	pos_pageof_wavelets	-1	0.4	element_of	category	page
Feudalism	Mathieu_wavelet	neg	-1	0.0	element_of	category	page
Feudalism	MPS_(format)	neg	-1	0.0	element_of	category	page
Public_toilets_automation	Internal_environment	neg	-1	0.0	element_of	category	page
Feudalism	GENERIC_formalism	neg	-1	0.0	element_of	category	page
Wavelets	Wavelet_packet_decomposition	pos_pageof_wavelets	-1	0.8	element_of	category	page
Feudalism	Optimum_"L"_filter	neg	-1	0.0	element_of	category	page
Non-equilibrium_thermodynamics	GENERIC_formalism	pos_pageof_non-equilibr	-1	0.8	element_of	category	page
Television_stations	Fluctuation–dissipation_theorem	neg	-1	0.0	element_of	category	page
Feudalism	Log_Gabor_filter	neg	-1	0.0	element_of	category	page
Chess_openings	Scale_co-occurrence_matrix	neg	-1	0.0	element_of	category	page
Feudalism	Switching_Kalman_filter	neg	-1	0.0	element_of	category	page
Model_checkers	Construction_and_Analysis_of_Distributed_Processes	pos_pageof_model_checke	-1	1.0	element_of	category	page
Medieval_knights	Lattice_delay_network	neg	-1	0.0	element_of	category	page
Tornado	ICER_(file_format)	neg	-1	0.0	element_of	category	page
Model_checkers	FDR_(software)	pos_pageof_model_checke	-1	1.0	element_of	category	page
1978_albums	Linkwitz–Riley_filter	neg	-1	0.0	element_of	category	page
1978_albums	The_Functions_of_the_Executive	neg	-1	0.0	element_of	category	page
Filter_frequency_response	High-pass_filter	pos_pageof_filter_frequ	-1	1.0	element_of	category	page
Chess_openings	Strong_duality	neg	-1	0.0	element_of	category	page
Cooking	Simplex_algorithm	neg	-1	0.0	element_of	category	page
Packing_problems	Tetrahedron_packing	pos_pageof_packing_prob	-1	0.8	element_of	category	page
Model_checkers	NuSMV	pos_pageof_model_checke	-1	1.0	element_of	category	page
Wavelets	Filter_bank	pos_pageof_wavelets	-1	0.8	element_of	category	page
Television_stations	Fast_Kalman_filter	neg	-1	0.0	element_of	category	page
Galaxies	Klee–Minty_cube	neg	-1	0.0	element_of	category	page
Linear_filters	High-pass_filter	pos_pageof_linear_filte	-1	1.0	element_of	category	page
1978_albums	Dynamic_link_matching	neg	-1	0.0	element_of	category	page
Feudalism	Autopoiesis	neg	-1	0.0	element_of	category	page
1978_albums	Poisson_wavelet	neg	-1	0.0	element_of	category	page
Non-equilibrium_thermodynamics	Two-dimensional_liquid	pos_pageof_non-equilibr	-1	0.6	element_of	category	page
Cooking	Linear_programming	neg	-1	0.0	element_of	category	page
Tornado	NuSMV	neg	-1	0.0	element_of	category	page
Tornado	Linear-fractional_programming	neg	-1	0.0	element_of	category	page
Galaxies	Briggs–Rauscher_reaction	neg	-1	0.0	element_of	category	page
Feudalism	Autonomy	neg	-1	0.0	element_of	category	page
Feudalism	Slothouber–Graatsma_puzzle	neg	-1	0.0	element_of	category	page
Tornado	Smoothing_problem_(stochastic_processes)	neg	-1	0.0	element_of	category	page
Non-equilibrium_thermodynamics	Chemical_oscillator	pos_pageof_non-equilibr	-1	0.8	element_of	category	page
Non-equilibrium_thermodynamics	Extended_irreversible_thermodynamics	pos_pageof_non-equilibr	-1	0.8	element_of	category	page
1978_albums	Theory_of_two-level_planning	neg	-1	0.0	element_of	category	page
Tornado	Basic_solution_(linear_programming)	neg	-1	0.0	element_of	category	page
Tornado	Minimum-cost_flow_problem	neg	-1	0.0	element_of	category	page
Linear_programming	Benson's_algorithm	pos_pageof_linear_progr	-1	1.0	element_of	category	page
Linear_filters	Mechanical_filter	pos_pageof_linear_filte	-1	0.8	element_of	category	page
Linear_programming	Gurobi_Optimizer	pos_pageof_linear_progr	-1	0.8	element_of	category	page
Packing_problems	Ulam's_packing_conjecture	pos_pageof_packing_prob	-1	1.0	element_of	category	page
Wavelets	Harmonic_wavelet_transform	pos_pageof_wavelets	-1	0.8	element_of	category	page
Cooking	Non-linear_multi-dimensional_signal_processing	neg	-1	0.0	element_of	category	page
Linear_programming	Vertex_enumeration_problem	pos_pageof_linear_progr	-1	0.8	element_of	category	page
Comedians	Green–Kubo_relations	neg	-1	0.0	element_of	category	page
Galaxies	ICER_(file_format)	neg	-1	0.0	element_of	category	page
1978_albums	Roll-off	neg	-1	0.0	element_of	category	page
Non-equilibrium_thermodynamics	Non-equilibrium_thermodynamics	pos_pageof_non-equilibr	-1	1.0	element_of	category	page
Public_toilets_automation	Autonomy	neg	-1	0.0	element_of	category	page
Linear_filters	Filter_bank	pos_pageof_linear_filte	-1	0.8	element_of	category	page
Galaxies	Modified_Morlet_wavelet	neg	-1	0.0	element_of	category	page
Cooking	Affine_scaling	neg	-1	0.0	element_of	category	page
Public_toilets_automation	Total_dual_integrality	neg	-1	0.0	element_of	category	page
Chess_openings	Bartlett's_bisection_theorem	neg	-1	0.0	element_of	category	page
Public_toilets_automation	Bandelet_(computer_science)	neg	-1	0.0	element_of	category	page
Chess_openings	Reduced_cost	neg	-1	0.0	element_of	category	page
Feudalism	Reduced_cost	neg	-1	0.0	element_of	category	page
Medieval_knights	Oregonator	neg	-1	0.0	element_of	category	page
1978_albums	Raised-cosine_filter	neg	-1	0.0	element_of	category	page
1978_albums	OGSM	neg	-1	0.0	element_of	category	page
Linear_programming	Set_cover_problem	pos_pageof_linear_progr	-1	0.6	element_of	category	page
Feudalism	Non-separable_wavelet	neg	-1	0.0	element_of	category	page
Linear_filters	Recursive_Bayesian_estimation	pos_pageof_linear_filte	-1	0.6	element_of	category	page
Feudalism	Coiflet	neg	-1	0.0	element_of	category	page
Linear_programming	Integer_points_in_convex_polyhedra	pos_pageof_linear_progr	-1	0.8	element_of	category	page
1978_albums	Sphere_packing	neg	-1	0.0	element_of	category	page
Galaxies	Chemical_clock	neg	-1	0.0	element_of	category	page
Wavelets	Modified_Morlet_wavelet	pos_pageof_wavelets	-1	0.8	element_of	category	page
Linear_filters	Transmission_zeroes	pos_pageof_linear_filte	-1	0.6	element_of	category	page
Cooking	Revised_simplex_method	neg	-1	0.0	element_of	category	page
Feudalism	Cutting_stock_problem	neg	-1	0.0	element_of	category	page
Packing_problems	Knapsack_problem	pos_pageof_packing_prob	-1	0.4	element_of	category	page
Linear_filters	Low-pass_filter	pos_pageof_linear_filte	-1	1.0	element_of	category	page
Network_flow_problem	Argus_–_Audit_Record_Generation_and_Utilization_System	pos_pageof_network_flow	-1	0.0	element_of	category	page
Linear_programming	Slack_variable	pos_pageof_linear_progr	-1	0.8	element_of	category	page
Galaxies	Quarter-wave_impedance_transformer	neg	-1	0.0	element_of	category	page
Television_stations	Omega_ratio	neg	-1	0.0	element_of	category	page
Feudalism	Sequential_bargaining	neg	-1	0.0	element_of	category	page
Galaxies	Composite_image_filter	neg	-1	0.0	element_of	category	page
Public_toilets_automation	State_variable_filter	neg	-1	0.0	element_of	category	page
Linear_filters	Log_Gabor_filter	pos_pageof_linear_filte	-1	0.8	element_of	category	page
Public_toilets_automation	Multi-core_network_packet_steering	neg	-1	0.0	element_of	category	page
Cooking	Non-separable_wavelet	neg	-1	0.0	element_of	category	page
Wavelets	Non-separable_wavelet	pos_pageof_wavelets	-1	0.8	element_of	category	page
Comedians	Total_dual_integrality	neg	-1	0.0	element_of	category	page
Chess_openings	Conway_puzzle	neg	-1	0.0	element_of	category	page
Network_flow_problem	Dinic's_algorithm	pos_pageof_network_flow	-1	1.0	element_of	category	page
Linear_filters	Capacitor-input_filter	pos_pageof_linear_filte	-1	0.8	element_of	category	page
Wavelets	Generalized_lifting	pos_pageof_wavelets	-1	0.8	element_of	category	page
Medieval_knights	Franchising	neg	-1	0.0	element_of	category	page
1978_albums	Second_law_of_thermodynamics	neg	-1	0.0	element_of	category	page
Linear_programming	Drawdown_(economics)	pos_pageof_linear_progr	-1	0.4	element_of	category	page
Comedians	Square_packing	neg	-1	0.0	element_of	category	page
Filter_frequency_response	Roll-off	pos_pageof_filter_frequ	-1	1.0	element_of	category	page
Galaxies	Push–relabel_maximum_flow_algorithm	neg	-1	0.0	element_of	category	page
Non-equilibrium_thermodynamics	Quantum_thermodynamics	pos_pageof_non-equilibr	-1	0.8	element_of	category	page
Galaxies	Ensemble_Kalman_filter	neg	-1	0.0	element_of	category	page
Wavelets	Jean_Morlet	pos_pageof_wavelets	-1	1.0	element_of	category	page
1978_albums	Graver_basis	neg	-1	0.0	element_of	category	page
Chess_openings	Gurobi_Optimizer	neg	-1	0.0	element_of	category	page
Non-equilibrium_thermodynamics	Oregonator	pos_pageof_non-equilibr	-1	0.6	element_of	category	page
Medieval_knights	Sphere_packing_in_a_cube	neg	-1	0.0	element_of	category	page
Network_flow_problem	Multi-commodity_flow_problem	pos_pageof_network_flow	-1	1.0	element_of	category	page
Public_toilets_automation	Rubinstein_bargaining_model	neg	-1	0.0	element_of	category	page
Television_stations	Recursive_Bayesian_estimation	neg	-1	0.0	element_of	category	page
Linear_programming	Simplex_algorithm	pos_pageof_linear_progr	-1	1.0	element_of	category	page
Cooking	Flow_network	neg	-1	0.0	element_of	category	page
Tornado	Two-dimensional_gas	neg	-1	0.0	element_of	category	page
Public_toilets_automation	Modified_Morlet_wavelet	neg	-1	0.0	element_of	category	page
Linear_filters	Lattice_phase_equaliser	pos_pageof_linear_filte	-1	0.8	element_of	category	page
Linear_programming	Hirsch_conjecture	pos_pageof_linear_progr	-1	1.0	element_of	category	page
Galaxies	LP-type_problem	neg	-1	0.0	element_of	category	page
Public_toilets_automation	Recursive_Bayesian_estimation	neg	-1	0.0	element_of	category	page
Medieval_knights	Effects_bargaining	neg	-1	0.0	element_of	category	page
Cooking	Multigrid_method	neg	-1	0.0	element_of	category	page
Feudalism	Frenesy_(physics)	neg	-1	0.0	element_of	category	page
Comedians	Vanishing_moment	neg	-1	0.0	element_of	category	page
Galaxies	Cascade_algorithm	neg	-1	0.0	element_of	category	page
Chess_openings	Band-pass_filter	neg	-1	0.0	element_of	category	page
Feudalism	Hoffman's_packing_puzzle	neg	-1	0.0	element_of	category	page
Wavelets	Complex_wavelet_transform	pos_pageof_wavelets	-1	0.8	element_of	category	page
Medieval_knights	Sallen–Key_topology	neg	-1	0.0	element_of	category	page
Television_stations	Onsager_reciprocal_relations	neg	-1	0.0	element_of	category	page
Television_stations	Crooks_fluctuation_theorem	neg	-1	0.0	element_of	category	page
Comedians	Recursive_Bayesian_estimation	neg	-1	0.0	element_of	category	page
Television_stations	Network-centric_organization	neg	-1	0.0	element_of	category	page
Galaxies	Edmonds–Karp_algorithm	neg	-1	0.0	element_of	category	page
Public_toilets_automation	Linear_programming	neg	-1	0.0	element_of	category	page
Medieval_knights	Bandwidth_(signal_processing)	neg	-1	0.0	element_of	category	page
Linear_filters	Fast_Kalman_filter	pos_pageof_linear_filte	-1	0.8	element_of	category	page
Linear_programming	MPS_(format)	pos_pageof_linear_progr	-1	0.6	element_of	category	page
Filter_frequency_response	Filter_transition_region	pos_pageof_filter_frequ	-1	0.8	element_of	category	page
Tornado	List_of_shapes_with_known_packing_constant	neg	-1	0.0	element_of	category	page
Public_toilets_automation	The_Functions_of_the_Executive	neg	-1	0.0	element_of	category	page
Feudalism	Bargaining_power	neg	-1	0.0	element_of	category	page
Model_checkers	Promela	pos_pageof_model_checke	-1	0.8	element_of	category	page
Linear_programming	Fundamental_theorem_of_linear_programming	pos_pageof_linear_progr	-1	1.0	element_of	category	page
Linear_filters	Covariance_intersection	pos_pageof_linear_filte	-1	0.6	element_of	category	page
Tornado	Butterworth_filter	neg	-1	0.0	element_of	category	page
Feudalism	The_Functions_of_the_Executive	neg	-1	0.0	element_of	category	page
Chess_openings	Push–relabel_maximum_flow_algorithm	neg	-1	0.0	element_of	category	page
Feudalism	Active_filter	neg	-1	0.0	element_of	category	page
Network_flow_problem	Circulation_problem	pos_pageof_network_flow	-1	0.8	element_of	category	page
Chess_openings	Stigler_diet	neg	-1	0.0	element_of	category	page
Public_toilets_automation	Chemical_oscillator	neg	-1	0.0	element_of	category	page
Galaxies	Flow_network	neg	-1	0.0	element_of	category	page
Organizational_cybernetics	Adaptive_system	pos_pageof_organization	-1	0.8	element_of	category	page
Galaxies	Gurobi_Optimizer	neg	-1	0.0	element_of	category	page
Network_flow_problem	Minimum-cost_flow_problem	pos_pageof_network_flow	-1	0.8	element_of	category	page
Public_toilets_automation	List_of_shapes_with_known_packing_constant	neg	-1	0.0	element_of	category	page
Cooking	Switching_Kalman_filter	neg	-1	0.0	element_of	category	page
Public_toilets_automation	Crystal_filter	neg	-1	0.0	element_of	category	page
1978_albums	Low-pass_filter	neg	-1	0.0	element_of	category	page
Comedians	Stationary_wavelet_transform	neg	-1	0.0	element_of	category	page
Cooking	Meyer_wavelet	neg	-1	0.0	element_of	category	page
Bargaining_theory	Bargaining	pos_pageof_bargaining_t	-1	1.0	element_of	category	page
Cooking	Promela	neg	-1	0.0	element_of	category	page
Galaxies	Digital_biquad_filter	neg	-1	0.0	element_of	category	page
1978_albums	Soft_sensor	neg	-1	0.0	element_of	category	page
Medieval_knights	Slack_variable	neg	-1	0.0	element_of	category	page
Non-equilibrium_thermodynamics	H-theorem	pos_pageof_non-equilibr	-1	0.8	element_of	category	page
Galaxies	Rubinstein_bargaining_model	neg	-1	0.0	element_of	category	page
1978_albums	Perturbation_function	neg	-1	0.0	element_of	category	page
Network_flow_problem	Network_simplex_algorithm	pos_pageof_network_flow	-1	0.8	element_of	category	page
Filter_frequency_response	Band-pass_filter	pos_pageof_filter_frequ	-1	1.0	element_of	category	page
Cooking	Chebyshev_filter	neg	-1	0.0	element_of	category	page
Comedians	Integer_points_in_convex_polyhedra	neg	-1	0.0	element_of	category	page
Wavelets	Stationary_wavelet_transform	pos_pageof_wavelets	-1	0.8	element_of	category	page
Chess_openings	Packing_problems	neg	-1	0.0	element_of	category	page
Comedians	Raised-cosine_filter	neg	-1	0.0	element_of	category	page
Packing_problems	Hoffman's_packing_puzzle	pos_pageof_packing_prob	-1	0.6	element_of	category	page
Public_toilets_automation	Non-separable_wavelet	neg	-1	0.0	element_of	category	page
Comedians	Dual_wavelet	neg	-1	0.0	element_of	category	page
Chess_openings	Integer_points_in_convex_polyhedra	neg	-1	0.0	element_of	category	page
Comedians	Construction_and_Analysis_of_Distributed_Processes	neg	-1	0.0	element_of	category	page
Chess_openings	Bandelet_(computer_science)	neg	-1	0.0	element_of	category	page
1978_albums	Total_dual_integrality	neg	-1	0.0	element_of	category	page
Linear_programming	Linear_programming	pos_pageof_linear_progr	-1	1.0	element_of	category	page
Cooking	Filter_bank	neg	-1	0.0	element_of	category	page
Television_stations	Band_rejection	neg	-1	0.0	element_of	category	page
Packing_problems	Cutting_stock_problem	pos_pageof_packing_prob	-1	0.8	element_of	category	page
Television_stations	Linear_programming	neg	-1	0.0	element_of	category	page
Comedians	Fluctuation_theorem	neg	-1	0.0	element_of	category	page
Chess_openings	Job_embeddedness	neg	-1	0.0	element_of	category	page
Linear_filters	Commensurate_line_circuit	pos_pageof_linear_filte	-1	0.6	element_of	category	page
Public_toilets_automation	Kalman_filter	neg	-1	0.0	element_of	category	page
Tornado	Quadrature_mirror_filter	neg	-1	0.0	element_of	category	page
Chess_openings	ICER_(file_format)	neg	-1	0.0	element_of	category	page
Wavelets	Fast_wavelet_transform	pos_pageof_wavelets	-1	1.0	element_of	category	page
Non-equilibrium_thermodynamics	Zero-point_energy	pos_pageof_non-equilibr	-1	0.6	element_of	category	page
Linear_filters	Composite_image_filter	pos_pageof_linear_filte	-1	0.6	element_of	category	page
Medieval_knights	Network_synthesis_filters	neg	-1	0.0	element_of	category	page
Network_flow_problem	Out-of-kilter_algorithm	pos_pageof_network_flow	-1	0.8	element_of	category	page
Linear_programming	Linear_inequality	pos_pageof_linear_progr	-1	0.8	element_of	category	page
Linear_filters	Elliptic_filter	pos_pageof_linear_filte	-1	0.8	element_of	category	page
Comedians	Generalized_filtering	neg	-1	0.0	element_of	category	page
Television_stations	Refinable_function	neg	-1	0.0	element_of	category	page
Cooking	Semilinear_response	neg	-1	0.0	element_of	category	page
Comedians	Gomory–Hu_tree	neg	-1	0.0	element_of	category	page
Feudalism	Electrokinetic_phenomena	neg	-1	0.0	element_of	category	page
Wavelets	Gabor_wavelet	pos_pageof_wavelets	-1	0.8	element_of	category	page
1978_albums	MCRL2	neg	-1	0.0	element_of	category	page
Galaxies	Gaussian_filter	neg	-1	0.0	element_of	category	page
1978_albums	Digital_biquad_filter	neg	-1	0.0	element_of	category	page
Non-equilibrium_thermodynamics	Brusselator	pos_pageof_non-equilibr	-1	0.8	element_of	category	page
Wavelets	Wavelet_transform_modulus_maxima_method	pos_pageof_wavelets	-1	0.8	element_of	category	page
1978_albums	Smoothed_octagon	neg	-1	0.0	element_of	category	page
Chess_openings	Polygon_partition	neg	-1	0.0	element_of	category	page
Tornado	Onsager_reciprocal_relations	neg	-1	0.0	element_of	category	page
Comedians	Bode_plot	neg	-1	0.0	element_of	category	page
Linear_programming	Duality_gap	pos_pageof_linear_progr	-1	0.8	element_of	category	page
Medieval_knights	Gabor_filter	neg	-1	0.0	element_of	category	page
Feudalism	Bandelet_(computer_science)	neg	-1	0.0	element_of	category	page
Cooking	Time_crystal	neg	-1	0.0	element_of	category	page
Linear_filters	Kalman_filter	pos_pageof_linear_filte	-1	1.0	element_of	category	page
Non-equilibrium_thermodynamics	Thermal_transpiration	pos_pageof_non-equilibr	-1	0.6	element_of	category	page
Chess_openings	BLAST_model_checker	neg	-1	0.0	element_of	category	page
Comedians	Brusselator	neg	-1	0.0	element_of	category	page
Galaxies	Cooperative_bargaining	neg	-1	0.0	element_of	category	page
Cooking	Ellipsoid_method	neg	-1	0.0	element_of	category	page
Non-equilibrium_thermodynamics	Maximum_entropy_thermodynamics	pos_pageof_non-equilibr	-1	0.8	element_of	category	page
Non-equilibrium_thermodynamics	Noise-induced_order	pos_pageof_non-equilibr	-1	0.6	element_of	category	page
Galaxies	Low-pass_filter	neg	-1	0.0	element_of	category	page
Chess_openings	Dissipation	neg	-1	0.0	element_of	category	page
Wavelets	Lifting_scheme	pos_pageof_wavelets	-1	0.8	element_of	category	page
Feudalism	Apollonian_sphere_packing	neg	-1	0.0	element_of	category	page
Linear_filters	Gyrator	pos_pageof_linear_filte	-1	0.6	element_of	category	page
Galaxies	Basic_solution_(linear_programming)	neg	-1	0.0	element_of	category	page
Chess_openings	Antimetric_electrical_network	neg	-1	0.0	element_of	category	page
Comedians	Data_envelopment_analysis	neg	-1	0.0	element_of	category	page
Television_stations	Wavelet	neg	-1	0.0	element_of	category	page
Cooking	Uppaal_Model_Checker	neg	-1	0.0	element_of	category	page
Galaxies	Prune_and_search	neg	-1	0.0	element_of	category	page
Feudalism	Kepler_conjecture	neg	-1	0.0	element_of	category	page
Public_toilets_automation	Waveguide_filter	neg	-1	0.0	element_of	category	page
Cooking	Quadrature_mirror_filter	neg	-1	0.0	element_of	category	page
Linear_programming	Linear_programming_decoding	pos_pageof_linear_progr	-1	0.8	element_of	category	page
Galaxies	Max-flow_min-cut_theorem	neg	-1	0.0	element_of	category	page
Non-equilibrium_thermodynamics	Frenesy_(physics)	pos_pageof_non-equilibr	-1	0.6	element_of	category	page
Comedians	Network-centric_organization	neg	-1	0.0	element_of	category	page
Television_stations	Gabor_filter	neg	-1	0.0	element_of	category	page
Comedians	Wavelet_transform_modulus_maxima_method	neg	-1	0.0	element_of	category	page
Linear_filters	All-pass_filter	pos_pageof_linear_filte	-1	0.8	element_of	category	page
Public_toilets_automation	Franchising	neg	-1	0.0	element_of	category	page
Comedians	Bargaining_power	neg	-1	0.0	element_of	category	page
Linear_programming	Big_M_method	pos_pageof_linear_progr	-1	0.8	element_of	category	page
Non-equilibrium_thermodynamics	Néel_relaxation_theory	pos_pageof_non-equilibr	-1	0.6	element_of	category	page
Network_flow_problem	Maximum_flow_problem	pos_pageof_network_flow	-1	1.0	element_of	category	page
Comedians	Autopoiesis	neg	-1	0.0	element_of	category	page
Non-equilibrium_thermodynamics	Autocatalytic_reaction	pos_pageof_non-equilibr	-1	0.6	element_of	category	page
Wavelets	Symlet	pos_pageof_wavelets	-1	0.8	element_of	category	page
Medieval_knights	Chemical_oscillator	neg	-1	0.0	element_of	category	page
Galaxies	Benson's_algorithm	neg	-1	0.0	element_of	category	page
Non-equilibrium_thermodynamics	Jarzynski_equality	pos_pageof_non-equilibr	-1	0.8	element_of	category	page
Public_toilets_automation	Gabor_atom	neg	-1	0.0	element_of	category	page
Medieval_knights	Packing_density	neg	-1	0.0	element_of	category	page
Linear_filters	Band-stop_filter	pos_pageof_linear_filte	-1	1.0	element_of	category	page
Organizational_cybernetics	Job_embeddedness	pos_pageof_organization	-1	0.4	element_of	category	page
Tornado	Stigler_diet	neg	-1	0.0	element_of	category	page
Television_stations	Chemical_oscillator	neg	-1	0.0	element_of	category	page
Non-equilibrium_thermodynamics	Time_crystal	pos_pageof_non-equilibr	-1	0.4	element_of	category	page
Galaxies	Fractional_wavelet_transform	neg	-1	0.0	element_of	category	page
Cooking	Quadratic_knapsack_problem	neg	-1	0.0	element_of	category	page
Medieval_knights	Vanishing_moment	neg	-1	0.0	element_of	category	page
Public_toilets_automation	Antimetric_electrical_network	neg	-1	0.0	element_of	category	page
Linear_programming	Mehrotra_predictor–corrector_method	pos_pageof_linear_progr	-1	0.8	element_of	category	page
Cooking	Total_dual_integrality	neg	-1	0.0	element_of	category	page
Television_stations	Network_synthesis_filters	neg	-1	0.0	element_of	category	page
Public_toilets_automation	SPIN_model_checker	neg	-1	0.0	element_of	category	page
Linear_filters	Top-hat_filter	pos_pageof_linear_filte	-1	0.6	element_of	category	page
Non-equilibrium_thermodynamics	Crooks_fluctuation_theorem	pos_pageof_non-equilibr	-1	0.8	element_of	category	page
Television_stations	Intra-household_bargaining	neg	-1	0.0	element_of	category	page
Comedians	MPS_(format)	neg	-1	0.0	element_of	category	page
Packing_problems	Smoothed_octagon	pos_pageof_packing_prob	-1	0.6	element_of	category	page
Non-equilibrium_thermodynamics	Second_law_of_thermodynamics	pos_pageof_non-equilibr	-1	1.0	element_of	category	page
Linear_filters	Network_synthesis_filters	pos_pageof_linear_filte	-1	0.8	element_of	category	page
Packing_problems	Apollonian_sphere_packing	pos_pageof_packing_prob	-1	0.8	element_of	category	page
Linear_programming	HiGHS_optimization_solver	pos_pageof_linear_progr	-1	0.8	element_of	category	page
Public_toilets_automation	Apollonian_sphere_packing	neg	-1	0.0	element_of	category	page
Bargaining_theory	Intra-household_bargaining	pos_pageof_bargaining_t	-1	0.8	element_of	category	page
Wavelets	Wavelet	pos_pageof_wavelets	-1	1.0	element_of	category	page
Public_toilets_automation	Detailed_balance	neg	-1	0.0	element_of	category	page
Medieval_knights	Hilbert_basis_(linear_programming)	neg	-1	0.0	element_of	category	page
Television_stations	Time_crystal	neg	-1	0.0	element_of	category	page
Packing_problems	Square_packing	pos_pageof_packing_prob	-1	0.8	element_of	category	page
Non-equilibrium_thermodynamics	Thermophoresis	pos_pageof_non-equilibr	-1	0.6	element_of	category	page
Linear_programming	Prune_and_search	pos_pageof_linear_progr	-1	0.6	element_of	category	page
Public_toilets_automation	Generalized_hydrodynamics	neg	-1	0.0	element_of	category	page
Television_stations	H-theorem	neg	-1	0.0	element_of	category	page
Wavelets	Dynamic_link_matching	pos_pageof_wavelets	-1	0.4	element_of	category	page
Wavelets	Gabor_atom	pos_pageof_wavelets	-1	0.8	element_of	category	page
Linear_filters	Prototype_filter	pos_pageof_linear_filte	-1	0.8	element_of	category	page
Packing_problems	The_Pursuit_of_Perfect_Packing	pos_pageof_packing_prob	-1	0.2	element_of	category	page
Network_flow_problem	Multi-core_network_packet_steering	pos_pageof_network_flow	-1	0.4	element_of	category	page
Galaxies	Smoothing_problem_(stochastic_processes)	neg	-1	0.0	element_of	category	page
Non-equilibrium_thermodynamics	Sedimentation_potential	pos_pageof_non-equilibr	-1	0.6	element_of	category	page
Linear_programming	Total_dual_integrality	pos_pageof_linear_progr	-1	0.8	element_of	category	page
Comedians	Network_flow_problem	neg	-1	0.0	element_of	category	page
Model_checkers	BLAST_model_checker	pos_pageof_model_checke	-1	0.8	element_of	category	page
Non-equilibrium_thermodynamics	Generalized_hydrodynamics	pos_pageof_non-equilibr	-1	0.8	element_of	category	page
Comedians	Dissipative_system	neg	-1	0.0	element_of	category	page
Linear_filters	Root-raised-cosine_filter	pos_pageof_linear_filte	-1	0.8	element_of	category	page
Medieval_knights	Log_Gabor_filter	neg	-1	0.0	element_of	category	page
Chess_openings	Wavelet_packet_decomposition	neg	-1	0.0	element_of	category	page
Medieval_knights	Cederbaum's_maximum_flow_theorem	neg	-1	0.0	element_of	category	page
Cooking	ICER_(file_format)	neg	-1	0.0	element_of	category	page
Galaxies	Wavelet_modulation	neg	-1	0.0	element_of	category	page
1978_albums	Maximum_flow_problem	neg	-1	0.0	element_of	category	page
Television_stations	Generalized_lifting	neg	-1	0.0	element_of	category	page
Television_stations	Total_institution	neg	-1	0.0	element_of	category	page
Galaxies	Internal_environment	neg	-1	0.0	element_of	category	page
Wavelets	Set_partitioning_in_hierarchical_trees	pos_pageof_wavelets	-1	0.6	element_of	category	page
Comedians	Kautz_filter	neg	-1	0.0	element_of	category	page
Galaxies	Bandwidth_(signal_processing)	neg	-1	0.0	element_of	category	page
Bargaining_theory	Bargaining_power	pos_pageof_bargaining_t	-1	0.8	element_of	category	page
Organizational_cybernetics	Franchising	pos_pageof_organization	-1	0.2	element_of	category	page
Linear_programming	Benders_decomposition	pos_pageof_linear_progr	-1	0.8	element_of	category	page
Wavelets	Scale_co-occurrence_matrix	pos_pageof_wavelets	-1	0.6	element_of	category	page
Model_checkers	PAT_(model_checker)	pos_pageof_model_checke	-1	0.8	element_of	category	page
Public_toilets_automation	Wavelet_transform	neg	-1	0.0	element_of	category	page
Tornado	Linear_programming_relaxation	neg	-1	0.0	element_of	category	page
1978_albums	Fractional_wavelet_transform	neg	-1	0.0	element_of	category	page
Feudalism	Basic_feasible_solution	neg	-1	0.0	element_of	category	page
Public_toilets_automation	Max-flow_min-cut_theorem	neg	-1	0.0	element_of	category	page
Feudalism	Weak_duality	neg	-1	0.0	element_of	category	page
Medieval_knights	Strong_duality	neg	-1	0.0	element_of	category	page
Medieval_knights	Dinic's_algorithm	neg	-1	0.0	element_of	category	page
Linear_programming	Karmarkar's_algorithm	pos_pageof_linear_progr	-1	0.8	element_of	category	page
Medieval_knights	TAPAAL_Model_Checker	neg	-1	0.0	element_of	category	page
Chess_openings	Network-centric_organization	neg	-1	0.0	element_of	category	page
1978_albums	Braess's_paradox	neg	-1	0.0	element_of	category	page
Medieval_knights	List_of_shapes_with_known_packing_constant	neg	-1	0.0	element_of	category	page
Medieval_knights	Total_institution	neg	-1	0.0	element_of	category	page
Non-equilibrium_thermodynamics	Fluctuation_theorem	pos_pageof_non-equilibr	-1	1.0	element_of	category	page
Comedians	Linear_programming_relaxation	neg	-1	0.0	element_of	category	page
Feudalism	Linear_programming	neg	-1	0.0	element_of	category	page
Tornado	Thermal_transpiration	neg	-1	0.0	element_of	category	page
Comedians	Gabor_atom	neg	-1	0.0	element_of	category	page
1978_albums	Kautz_filter	neg	-1	0.0	element_of	category	page
Wavelets	ICER_(file_format)	pos_pageof_wavelets	-1	0.4	element_of	category	page
Linear_filters	Fraser_filter	pos_pageof_linear_filte	-1	0.8	element_of	category	page
Comedians	Configuration_linear_program	neg	-1	0.0	element_of	category	page
Comedians	Quantum_thermodynamics	neg	-1	0.0	element_of	category	page
Feudalism	Non-linear_multi-dimensional_signal_processing	neg	-1	0.0	element_of	category	page
Cooking	Extended_irreversible_thermodynamics	neg	-1	0.0	element_of	category	page
Filter_frequency_response	Band_rejection	pos_pageof_filter_frequ	-1	0.8	element_of	category	page
Non-equilibrium_thermodynamics	Belousov–Zhabotinsky_reaction	pos_pageof_non-equilibr	-1	0.8	element_of	category	page
Linear_filters	Soft_sensor	pos_pageof_linear_filte	-1	0.6	element_of	category	page
Linear_programming	Theory_of_two-level_planning	pos_pageof_linear_progr	-1	0.6	element_of	category	page
Television_stations	Moving_horizon_estimation	neg	-1	0.0	element_of	category	page
Galaxies	Zadeh's_rule	neg	-1	0.0	element_of	category	page
Comedians	State_variable_filter	neg	-1	0.0	element_of	category	page
Packing_problems	Sphere_packing_in_a_sphere	pos_pageof_packing_prob	-1	0.8	element_of	category	page
Comedians	GENERIC_formalism	neg	-1	0.0	element_of	category	page
Cooking	Maximum_entropy_thermodynamics	neg	-1	0.0	element_of	category	page
Wavelets	Contourlet	pos_pageof_wavelets	-1	0.8	element_of	category	page
Public_toilets_automation	Ellipsoid_packing	neg	-1	0.0	element_of	category	page
Network_flow_problem	Flow_network	pos_pageof_network_flow	-1	1.0	element_of	category	page
Linear_programming	Cashflow_matching	pos_pageof_linear_progr	-1	0.4	element_of	category	page
Feudalism	Meyer_wavelet	neg	-1	0.0	element_of	category	page
Public_toilets_automation	Gyrator	neg	-1	0.0	element_of	category	page
Public_toilets_automation	All-pass_filter	neg	-1	0.0	element_of	category	page
Linear_filters	MPX_filter	pos_pageof_linear_filte	-1	0.6	element_of	category	page
Linear_programming	Semidefinite_programming	pos_pageof_linear_progr	-1	0.8	element_of	category	page
Tornado	Recursive_Bayesian_estimation	neg	-1	0.0	element_of	category	page
Medieval_knights	Benders_decomposition	neg	-1	0.0	element_of	category	page
Comedians	Rubinstein_bargaining_model	neg	-1	0.0	element_of	category	page
Linear_programming	Linear_programming_relaxation	pos_pageof_linear_progr	-1	0.8	element_of	category	page
Comedians	Kim_Guldstrand_Larsen	neg	-1	0.0	element_of	category	page
Cooking	Multiresolution_analysis	neg	-1	0.0	element_of	category	page
Medieval_knights	The_Pursuit_of_Perfect_Packing	neg	-1	0.0	element_of	category	page
1978_albums	Bandwidth_(signal_processing)	neg	-1	0.0	element_of	category	page
Medieval_knights	Anti-aliasing_filter	neg	-1	0.0	element_of	category	page
1978_albums	Bartlett's_bisection_theorem	neg	-1	0.0	element_of	category	page
Medieval_knights	Noise-induced_order	neg	-1	0.0	element_of	category	page
Chess_openings	Total_institution	neg	-1	0.0	element_of	category	page
Linear_filters	Lattice_delay_network	pos_pageof_linear_filte	-1	0.6	element_of	category	page
Linear_programming	Assignment_problem	pos_pageof_linear_progr	-1	0.8	element_of	category	page
Wavelets	Pixlet	pos_pageof_wavelets	-1	0.4	element_of	category	page
Linear_filters	State_variable_filter	pos_pageof_linear_filte	-1	0.8	element_of	category	page
Chess_openings	Filter_transition_region	neg	-1	0.0	element_of	category	page
Network_flow_problem	Cederbaum's_maximum_flow_theorem	pos_pageof_network_flow	-1	0.8	element_of	category	page
Television_stations	Duality_gap	neg	-1	0.0	element_of	category	page
Galaxies	Dantzig–Wolfe_decomposition	neg	-1	0.0	element_of	category	page
Non-equilibrium_thermodynamics	Nonequilibrium_partition_identity	pos_pageof_non-equilibr	-1	0.8	element_of	category	page
Medieval_knights	Mehrotra_predictor–corrector_method	neg	-1	0.0	element_of	category	page
Television_stations	Ellipsoid_packing	neg	-1	0.0	element_of	category	page
Linear_filters	Image_filter_end_terminations	pos_pageof_linear_filte	-1	0.6	element_of	category	page
Feudalism	Dirac_(video_compression_format)	neg	-1	0.0	element_of	category	page
Feudalism	Benson's_algorithm	neg	-1	0.0	element_of	category	page
1978_albums	Switching_Kalman_filter	neg	-1	0.0	element_of	category	page
Cooking	Big_M_method	neg	-1	0.0	element_of	category	page
Cooking	Kepler_conjecture	neg	-1	0.0	element_of	category	page
Feudalism	Extended_irreversible_thermodynamics	neg	-1	0.0	element_of	category	page
Wavelets	Wavelet_for_multidimensional_signals_analysis	pos_pageof_wavelets	-1	0.8	element_of	category	page
1978_albums	Electrokinetic_phenomena	neg	-1	0.0	element_of	category	page
Television_stations	Ulam's_packing_conjecture	neg	-1	0.0	element_of	category	page
Medieval_knights	MPX_filter	neg	-1	0.0	element_of	category	page
Organizational_cybernetics	Internal_environment	pos_pageof_organization	-1	0.6	element_of	category	page
Medieval_knights	Ulam's_packing_conjecture	neg	-1	0.0	element_of	category	page
Television_stations	Push–relabel_maximum_flow_algorithm	neg	-1	0.0	element_of	category	page
Network_flow_problem	Nowhere-zero_flow	pos_pageof_network_flow	-1	0.6	element_of	category	page
Non-equilibrium_thermodynamics	Loschmidt's_paradox	pos_pageof_non-equilibr	-1	0.6	element_of	category	page
Packing_problems	Polygon_partition	pos_pageof_packing_prob	-1	0.6	element_of	category	page
Public_toilets_automation	Fraser_filter	neg	-1	0.0	element_of	category	page
Feudalism	Refinable_function	neg	-1	0.0	element_of	category	page
Comedians	Bridged_T_delay_equaliser	neg	-1	0.0	element_of	category	page
Feudalism	Time_crystal	neg	-1	0.0	element_of	category	page
Public_toilets_automation	Frequency-dependent_negative_resistor	neg	-1	0.0	element_of	category	page
Tornado	Commensurate_line_circuit	neg	-1	0.0	element_of	category	page
Non-equilibrium_thermodynamics	Non-equilibrium_statistical_mechanics	pos_pageof_non-equilibr	-1	1.0	element_of	category	page
Linear_filters	Chebyshev_filter	pos_pageof_linear_filte	-1	0.8	element_of	category	page
Tornado	Oregonator	neg	-1	0.0	element_of	category	page
Tornado	Wavelet_packet_decomposition	neg	-1	0.0	element_of	category	page
Linear_programming	Graver_basis	pos_pageof_linear_progr	-1	0.6	element_of	category	page
Chess_openings	Karmarkar's_algorithm	neg	-1	0.0	element_of	category	page
Packing_problems	Conway_puzzle	pos_pageof_packing_prob	-1	0.6	element_of	category	page
Public_toilets_automation	Prune_and_search	neg	-1	0.0	element_of	category	page
Chess_openings	MPS_(format)	neg	-1	0.0	element_of	category	page
Tornado	Gabor_filter	neg	-1	0.0	element_of	category	page
Television_stations	Fractional_wavelet_transform	neg	-1	0.0	element_of	category	page
Feudalism	Cashflow_matching	neg	-1	0.0	element_of	category	page
Linear_filters	Crystal_filter	pos_pageof_linear_filte	-1	0.8	element_of	category	page
1978_albums	Job_embeddedness	neg	-1	0.0	element_of	category	page
1978_albums	Hilbert_basis_(linear_programming)	neg	-1	0.0	element_of	category	page
Public_toilets_automation	Lattice_network	neg	-1	0.0	element_of	category	page
Feudalism	Out-of-kilter_algorithm	neg	-1	0.0	element_of	category	page
Chess_openings	Hirsch_conjecture	neg	-1	0.0	element_of	category	page
Cooking	LP-type_problem	neg	-1	0.0	element_of	category	page
Comedians	Lifting_scheme	neg	-1	0.0	element_of	category	page
Linear_programming	Data_envelopment_analysis	pos_pageof_linear_progr	-1	0.6	element_of	category	page
Television_stations	TAPAAL_Model_Checker	neg	-1	0.0	element_of	category	page
Television_stations	Passband	neg	-1	0.0	element_of	category	page
1978_albums	Sequential_bargaining	neg	-1	0.0	element_of	category	page
Linear_filters	Smoothing_problem_(stochastic_processes)	pos_pageof_linear_filte	-1	0.8	element_of	category	page
Network_flow_problem	Minimum_cut	pos_pageof_network_flow	-1	1.0	element_of	category	page
Comedians	Jean_Morlet	neg	-1	0.0	element_of	category	page
Tornado	Libdmc	neg	-1	0.0	element_of	category	page
1978_albums	Chemical_oscillator	neg	-1	0.0	element_of	category	page
Model_checkers	MALPAS_Software_Static_Analysis_Toolset	pos_pageof_model_checke	-1	0.8	element_of	category	page
Galaxies	Tripod_packing	neg	-1	0.0	element_of	category	page
1978_albums	Lattice_phase_equaliser	neg	-1	0.0	element_of	category	page
Wavelets	Meyer_wavelet	pos_pageof_wavelets	-1	1.0	element_of	category	page
Cooking	Collective_bargaining	neg	-1	0.0	element_of	category	page
Non-equilibrium_thermodynamics	Briggs–Rauscher_reaction	pos_pageof_non-equilibr	-1	0.8	element_of	category	page
Packing_problems	Ellipsoid_packing	pos_pageof_packing_prob	-1	0.8	element_of	category	page
Linear_programming	LP-type_problem	pos_pageof_linear_progr	-1	0.8	element_of	category	page
Television_stations	MPS_(format)	neg	-1	0.0	element_of	category	page
Medieval_knights	Mechanical_filter	neg	-1	0.0	element_of	category	page
Wavelets	Transfer_matrix	pos_pageof_wavelets	-1	0.6	element_of	category	page
Chess_openings	Semidefinite_programming	neg	-1	0.0	element_of	category	page
Public_toilets_automation	Meyer_wavelet	neg	-1	0.0	element_of	category	page
Packing_problems	Packing_problems	pos_pageof_packing_prob	-1	1.0	element_of	category	page
Tornado	Zero-point_energy	neg	-1	0.0	element_of	category	page
1978_albums	Cutting_stock_problem	neg	-1	0.0	element_of	category	page
Feudalism	Dissipation	neg	-1	0.0	element_of	category	page
Wavelets	Legendre_wavelet	pos_pageof_wavelets	-1	1.0	element_of	category	page
Feudalism	Quadrature_mirror_filter	neg	-1	0.0	element_of	category	page
Feudalism	MPX_filter	neg	-1	0.0	element_of	category	page
Feudalism	Wavelet_modulation	neg	-1	0.0	element_of	category	page
Linear_programming	Weak_duality	pos_pageof_linear_progr	-1	1.0	element_of	category	page
Medieval_knights	Gurobi_Optimizer	neg	-1	0.0	element_of	category	page
Medieval_knights	Belousov–Zhabotinsky_reaction	neg	-1	0.0	element_of	category	page
Public_toilets_automation	Bandwidth_(signal_processing)	neg	-1	0.0	element_of	category	page
Galaxies	Semilinear_response	neg	-1	0.0	element_of	category	page
Television_stations	Bartlett's_bisection_theorem	neg	-1	0.0	element_of	category	page
Cooking	Diffusion_wavelets	neg	-1	0.0	element_of	category	page
Comedians	Packing_density	neg	-1	0.0	element_of	category	page
Television_stations	Uppaal_Model_Checker	neg	-1	0.0	element_of	category	page
Wavelets	Second-generation_wavelet_transform	pos_pageof_wavelets	-1	0.8	element_of	category	page
Comedians	Set_cover_problem	neg	-1	0.0	element_of	category	page
Medieval_knights	Soft_sensor	neg	-1	0.0	element_of	category	page
Chess_openings	Linear_programming_decoding	neg	-1	0.0	element_of	category	page
Non-equilibrium_thermodynamics	Onsager_reciprocal_relations	pos_pageof_non-equilibr	-1	1.0	element_of	category	page
Chess_openings	Sphere_packing	neg	-1	0.0	element_of	category	page
Tornado	Criss-cross_algorithm	neg	-1	0.0	element_of	category	page
Medieval_knights	Onsager_reciprocal_relations	neg	-1	0.0	element_of	category	page
Linear_programming	Zadeh's_rule	pos_pageof_linear_progr	-1	0.8	element_of	category	page
Tornado	Lattice_network	neg	-1	0.0	element_of	category	page
Bargaining_theory	Sequential_bargaining	pos_pageof_bargaining_t	-1	1.0	element_of	category	page
Feudalism	Dantzig–Wolfe_decomposition	neg	-1	0.0	element_of	category	page
Feudalism	Drawdown_(economics)	neg	-1	0.0	element_of	category	page
Tornado	Transition_band	neg	-1	0.0	element_of	category	page
Public_toilets_automation	Switching_Kalman_filter	neg	-1	0.0	element_of	category	page
Public_toilets_automation	Extremal_principles_in_non-equilibrium_thermodynamics	neg	-1	0.0	element_of	category	page
Wavelets	Cascade_algorithm	pos_pageof_wavelets	-1	0.8	element_of	category	page
Comedians	Lattice_delay_network	neg	-1	0.0	element_of	category	page
Organizational_cybernetics	Autopoiesis	pos_pageof_organization	-1	0.8	element_of	category	page
Medieval_knights	Adaptive_system	neg	-1	0.0	element_of	category	page
Non-equilibrium_thermodynamics	Arrow_of_time	pos_pageof_non-equilibr	-1	0.6	element_of	category	page
Public_toilets_automation	Q_factor	neg	-1	0.0	element_of	category	page
Galaxies	Recursive_Bayesian_estimation	neg	-1	0.0	element_of	category	page
Bargaining_theory	Effects_bargaining	pos_pageof_bargaining_t	-1	0.8	element_of	category	page
Wavelets	Spline_wavelet	pos_pageof_wavelets	-1	0.8	element_of	category	page
Wavelets	Multiresolution_analysis	pos_pageof_wavelets	-1	1.0	element_of	category	page
Organizational_cybernetics	Autonomy	pos_pageof_organization	-1	0.6	element_of	category	page
Cooking	Close-packing_of_equal_spheres	neg	-1	0.0	element_of	category	page
1978_albums	Curvelet	neg	-1	0.0	element_of	category	page
Public_toilets_automation	Slothouber–Graatsma_puzzle	neg	-1	0.0	element_of	category	page
Linear_filters	Butterworth_filter	pos_pageof_linear_filte	-1	1.0	element_of	category	page
Medieval_knights	Capacitor-input_filter	neg	-1	0.0	element_of	category	page
Chess_openings	Argus_–_Audit_Record_Generation_and_Utilization_System	neg	-1	0.0	element_of	category	page
Feudalism	Kissing_number	neg	-1	0.0	element_of	category	page
1978_albums	Gaussian_filter	neg	-1	0.0	element_of	category	page
Wavelets	Vanishing_moment	pos_pageof_wavelets	-1	0.8	element_of	category	page
Packing_problems	Strip_packing_problem	pos_pageof_packing_prob	-1	1.0	element_of	category	page
Television_stations	Discrete_wavelet_transform	neg	-1	0.0	element_of	category	page
Tornado	Integer_points_in_convex_polyhedra	neg	-1	0.0	element_of	category	page
Chess_openings	Dual_wavelet	neg	-1	0.0	element_of	category	page
Television_stations	Kissing_number	neg	-1	0.0	element_of	category	page
Chess_openings	Fractional_wavelet_transform	neg	-1	0.0	element_of	category	page
Linear_filters	Wiener_filter	pos_pageof_linear_filte	-1	1.0	element_of	category	page
1978_albums	WaveLab_(mathematics_software)	neg	-1	0.0	element_of	category	page
Comedians	Dissipation	neg	-1	0.0	element_of	category	page
Non-equilibrium_thermodynamics	Autopoiesis	pos_pageof_non-equilibr	-1	0.8	element_of	category	page
1978_albums	Ensemble_Kalman_filter	neg	-1	0.0	element_of	category	page
Feudalism	Cooperative_bargaining	neg	-1	0.0	element_of	category	page
1978_albums	Polyphase_quadrature_filter	neg	-1	0.0	element_of	category	page
Filter_frequency_response	All-pass_filter	pos_pageof_filter_frequ	-1	1.0	element_of	category	page
Wavelets	Prolate_spheroidal_wave_function	pos_pageof_wavelets	-1	0.8	element_of	category	page
Packing_problems	Packaging_engineering	pos_pageof_packing_prob	-1	0.4	element_of	category	page
Wavelets	WaveLab_(mathematics_software)	pos_pageof_wavelets	-1	0.6	element_of	category	page
Medieval_knights	Transmission_zeroes	neg	-1	0.0	element_of	category	page
Galaxies	Dual_cone_and_polar_cone	neg	-1	0.0	element_of	category	page
Medieval_knights	Construction_and_Analysis_of_Distributed_Processes	neg	-1	0.0	element_of	category	page
Chess_openings	Ulam's_packing_conjecture	neg	-1	0.0	element_of	category	page
Packing_problems	Quadratic_knapsack_problem	pos_pageof_packing_prob	-1	0.8	element_of	category	page
Linear_filters	Generalized_filtering	pos_pageof_linear_filte	-1	0.8	element_of	category	page
Feudalism	Wavelet_for_multidimensional_signals_analysis	neg	-1	0.0	element_of	category	page
Tornado	Fast_wavelet_transform	neg	-1	0.0	element_of	category	page
Non-equilibrium_thermodynamics	Dissipation	pos_pageof_non-equilibr	-1	0.8	element_of	category	page
Linear_filters	Kautz_filter	pos_pageof_linear_filte	-1	0.8	element_of	category	page
Organizational_cybernetics	Total_institution	pos_pageof_organization	-1	0.2	element_of	category	page
Television_stations	Cutting_stock_problem	neg	-1	0.0	element_of	category	page
Galaxies	Strip_packing_problem	neg	-1	0.0	element_of	category	page
Chess_openings	Generalized_filtering	neg	-1	0.0	element_of	category	page
Tornado	Conway_puzzle	neg	-1	0.0	element_of	category	page
Medieval_knights	Cashflow_matching	neg	-1	0.0	element_of	category	page
Filter_frequency_response	Bode_plot	pos_pageof_filter_frequ	-1	1.0	element_of	category	page
Public_toilets_automation	Linear_programming_decoding	neg	-1	0.0	element_of	category	page
1978_albums	Minimum_cut	neg	-1	0.0	element_of	category	page
1978_albums	Two-dimensional_liquid	neg	-1	0.0	element_of	category	page
Galaxies	Two-dimensional_liquid	neg	-1	0.0	element_of	category	page
Cooking	Progressive_Graphics_File	neg	-1	0.0	element_of	category	page
Linear_programming	Minimum_relevant_variables_in_linear_system	pos_pageof_linear_progr	-1	0.8	element_of	category	page
Non-equilibrium_thermodynamics	Vlasov_equation	pos_pageof_non-equilibr	-1	0.8	element_of	category	page
Feudalism	Exergy_efficiency	neg	-1	0.0	element_of	category	page
Packing_problems	Slothouber–Graatsma_puzzle	pos_pageof_packing_prob	-1	0.8	element_of	category	page
Cooking	Linear-fractional_programming	neg	-1	0.0	element_of	category	page
Tornado	Set_cover_problem	neg	-1	0.0	element_of	category	page
Non-equilibrium_thermodynamics	Bifurcation_memory	pos_pageof_non-equilibr	-1	0.6	element_of	category	page
Comedians	Pixlet	neg	-1	0.0	element_of	category	page
Comedians	Ellipsoid_method	neg	-1	0.0	element_of	category	page
Wavelets	Coiflet	pos_pageof_wavelets	-1	1.0	element_of	category	page
Galaxies	Big_M_method	neg	-1	0.0	element_of	category	page
Linear_filters	Leapfrog_filter	pos_pageof_linear_filte	-1	0.8	element_of	category	page
Medieval_knights	Generalized_filtering	neg	-1	0.0	element_of	category	page
Linear_programming	GLOP	pos_pageof_linear_progr	-1	0.6	element_of	category	page
Comedians	Romeo_Model_Checker	neg	-1	0.0	element_of	category	page
Model_checkers	Romeo_Model_Checker	pos_pageof_model_checke	-1	0.8	element_of	category	page
Cooking	N-dimensional_polyhedron	neg	-1	0.0	element_of	category	page
Tornado	MCRL2	neg	-1	0.0	element_of	category	page
Tornado	Network_simplex_algorithm	neg	-1	0.0	element_of	category	page
Tornado	Generalized_hydrodynamics	neg	-1	0.0	element_of	category	page
Tornado	Briggs–Rauscher_reaction	neg	-1	0.0	element_of	category	page
Non-equilibrium_thermodynamics	Electrokinetic_phenomena	pos_pageof_non-equilibr	-1	0.6	element_of	category	page
Non-equilibrium_thermodynamics	Semilinear_response	pos_pageof_non-equilibr	-1	0.8	element_of	category	page
Non-equilibrium_thermodynamics	Fluctuation–dissipation_theorem	pos_pageof_non-equilibr	-1	1.0	element_of	category	page
Comedians	Antimetric_electrical_network	neg	-1	0.0	element_of	category	page
Television_stations	Active_filter	neg	-1	0.0	element_of	category	page
1978_albums	BLAST_model_checker	neg	-1	0.0	element_of	category	page
Public_toilets_automation	Construction_and_Analysis_of_Distributed_Processes	neg	-1	0.0	element_of	category	page
Medieval_knights	Band-pass_filter	neg	-1	0.0	element_of	category	page
Medieval_knights	Square_packing	neg	-1	0.0	element_of	category	page
Wavelets	Curvelet	pos_pageof_wavelets	-1	0.8	element_of	category	page
1978_albums	Prototype_filter	neg	-1	0.0	element_of	category	page
Cooking	Audio_equalization	neg	-1	0.0	element_of	category	page
Wavelets	Poisson_wavelet	pos_pageof_wavelets	-1	0.8	element_of	category	page
Non-equilibrium_thermodynamics	Two-dimensional_gas	pos_pageof_non-equilibr	-1	0.6	element_of	category	page
Public_toilets_automation	The_Pursuit_of_Perfect_Packing	neg	-1	0.0	element_of	category	page
Filter_frequency_response	Sinc_filter	pos_pageof_filter_frequ	-1	0.8	element_of	category	page
Medieval_knights	Approximate_max-flow_min-cut_theorem	neg	-1	0.0	element_of	category	page
Linear_programming	Cunningham's_rule	pos_pageof_linear_progr	-1	0.8	element_of	category	page
1978_albums	Analogue_filter	neg	-1	0.0	element_of	category	page
Linear_programming	Configuration_linear_program	pos_pageof_linear_progr	-1	0.6	element_of	category	page
Cooking	Wavelet	neg	-1	0.0	element_of	category	page
Linear_filters	Band-pass_filter	pos_pageof_linear_filte	-1	1.0	element_of	category	page
Medieval_knights	Autopoiesis	neg	-1	0.0	element_of	category	page
Tornado	Moving_horizon_estimation	neg	-1	0.0	element_of	category	page
Television_stations	Semilinear_response	neg	-1	0.0	element_of	category	page
Television_stations	Green–Kubo_relations	neg	-1	0.0	element_of	category	page
Galaxies	Lifting_scheme	neg	-1	0.0	element_of	category	page
Model_checkers	PRISM_model_checker	pos_pageof_model_checke	-1	0.8	element_of	category	page
Linear_programming	Stigler_diet	pos_pageof_linear_progr	-1	0.4	element_of	category	page
Cooking	Weak_duality	neg	-1	0.0	element_of	category	page
Tornado	Linear_filter	neg	-1	0.0	element_of	category	page
Medieval_knights	Filter_transition_region	neg	-1	0.0	element_of	category	page
Feudalism	Prune_and_search	neg	-1	0.0	element_of	category	page
Cooking	Transfer_matrix	neg	-1	0.0	element_of	category	page
Cooking	Green–Kubo_relations	neg	-1	0.0	element_of	category	page
Galaxies	Switching_Kalman_filter	neg	-1	0.0	element_of	category	page
Television_stations	Rubinstein_bargaining_model	neg	-1	0.0	element_of	category	page
Linear_filters	Switching_Kalman_filter	pos_pageof_linear_filte	-1	0.8	element_of	category	page
Linear_programming	Strong_duality	pos_pageof_linear_progr	-1	1.0	element_of	category	page
Television_stations	Strip_packing_problem	neg	-1	0.0	element_of	category	page
Comedians	Sallen–Key_topology	neg	-1	0.0	element_of	category	page
Tornado	Mechanical_filter	neg	-1	0.0	element_of	category	page
Comedians	Packaging_engineering	neg	-1	0.0	element_of	category	page
Cooking	Rectangle_packing	neg	-1	0.0	element_of	category	page
Public_toilets_automation	Cascade_algorithm	neg	-1	0.0	element_of	category	page
Model_checkers	MCRL2	pos_pageof_model_checke	-1	0.8	element_of	category	page
Medieval_knights	Thermophoresis	neg	-1	0.0	element_of	category	page
1978_albums	Reconstruction_filter	neg	-1	0.0	element_of	category	page
Model_checkers	List_of_model_checking_tools	pos_pageof_model_checke	-1	0.6	element_of	category	page
Linear_programming	Basic_feasible_solution	pos_pageof_linear_progr	-1	1.0	element_of	category	page
Galaxies	Adaptive_system	neg	-1	0.0	element_of	category	page
Model_checkers	SPIN_model_checker	pos_pageof_model_checke	-1	0.8	element_of	category	page
Galaxies	Band-stop_filter	neg	-1	0.0	element_of	category	page
Linear_filters	Optimum_"L"_filter	pos_pageof_linear_filte	-1	0.8	element_of	category	page
Chess_openings	Bessel_filter	neg	-1	0.0	element_of	category	page
Linear_filters	Moving_horizon_estimation	pos_pageof_linear_filte	-1	0.8	element_of	category	page
Wavelets	Mathieu_wavelet	pos_pageof_wavelets	-1	0.8	element_of	category	page
Television_stations	Lifting_scheme	neg	-1	0.0	element_of	category	page
Television_stations	Second-generation_wavelet_transform	neg	-1	0.0	element_of	category	page
Chess_openings	Anti-aliasing_filter	neg	-1	0.0	element_of	category	page
Cooking	List_of_wavelet-related_transforms	neg	-1	0.0	element_of	category	page
Chess_openings	GENERIC_formalism	neg	-1	0.0	element_of	category	page
Comedians	Fraser_filter	neg	-1	0.0	element_of	category	page
Public_toilets_automation	Covariance_intersection	neg	-1	0.0	element_of	category	page
Tornado	Construction_and_Analysis_of_Distributed_Processes	neg	-1	0.0	element_of	category	page
Galaxies	Vertex_enumeration_problem	neg	-1	0.0	element_of	category	page
Medieval_knights	Frequency-dependent_negative_resistor	neg	-1	0.0	element_of	category	page
Comedians	Collective_bargaining	neg	-1	0.0	element_of	category	page
Television_stations	Linear_programming_relaxation	neg	-1	0.0	element_of	category	page
Medieval_knights	Set_cover_problem	neg	-1	0.0	element_of	category	page
Medieval_knights	Gabor_wavelet	neg	-1	0.0	element_of	category	page
Public_toilets_automation	Digital_biquad_filter	neg	-1	0.0	element_of	category	page
1978_albums	Reduced_cost	neg	-1	0.0	element_of	category	page
Public_toilets_automation	Perturbation_function	neg	-1	0.0	element_of	category	page
Galaxies	Kepler_conjecture	neg	-1	0.0	element_of	category	page
Cooking	Polyphase_matrix	neg	-1	0.0	element_of	category	page
Galaxies	Spline_wavelet	neg	-1	0.0	element_of	category	page
Tornado	Transfer_matrix	neg	-1	0.0	element_of	category	page
Television_stations	Exergy_efficiency	neg	-1	0.0	element_of	category	page
1978_albums	Approximate_max-flow_min-cut_theorem	neg	-1	0.0	element_of	category	page
Television_stations	Linkwitz–Riley_filter	neg	-1	0.0	element_of	category	page
Bargaining_theory	Cooperative_bargaining	pos_pageof_bargaining_t	-1	1.0	element_of	category	page
Feudalism	Gabor_filter	neg	-1	0.0	element_of	category	page
Tornado	Wavelet	neg	-1	0.0	element_of	category	page
Galaxies	Butterworth_filter	neg	-1	0.0	element_of	category	page
Public_toilets_automation	Quadrature_mirror_filter	neg	-1	0.0	element_of	category	page
Chess_openings	Cederbaum's_maximum_flow_theorem	neg	-1	0.0	element_of	category	page
Medieval_knights	Butterworth_filter	neg	-1	0.0	element_of	category	page
Tornado	Maximum_flow_problem	neg	-1	0.0	element_of	category	page
Public_toilets_automation	BLAST_model_checker	neg	-1	0.0	element_of	category	page
Feudalism	Chemical_oscillator	neg	-1	0.0	element_of	category	page
Feudalism	State_variable_filter	neg	-1	0.0	element_of	category	page
Cooking	Braess's_paradox	neg	-1	0.0	element_of	category	page
Filter_frequency_response	Passband	pos_pageof_filter_frequ	-1	0.8	element_of	category	page
Galaxies	Kalman_filter	neg	-1	0.0	element_of	category	page
Galaxies	Transfer_matrix	neg	-1	0.0	element_of	category	page
1978_albums	Argus_–_Audit_Record_Generation_and_Utilization_System	neg	-1	0.0	element_of	category	page
Linear_programming	Perturbation_function	pos_pageof_linear_progr	-1	0.8	element_of	category	page
Packing_problems	Packing_density	pos_pageof_packing_prob	-1	1.0	element_of	category	page
Tornado	Non-equilibrium_thermodynamics	neg	-1	0.0	element_of	category	page
Non-equilibrium_thermodynamics	Dissipative_system	pos_pageof_non-equilibr	-1	0.8	element_of	category	page
Television_stations	Lattice_delay_network	neg	-1	0.0	element_of	category	page
Wavelets	Non-linear_multi-dimensional_signal_processing	pos_pageof_wavelets	-1	0.6	element_of	category	page
Cooking	Passband	neg	-1	0.0	element_of	category	page
Linear_filters	Lattice_network	pos_pageof_linear_filte	-1	0.8	element_of	category	page
Comedians	Lattice_network	neg	-1	0.0	element_of	category	page
Medieval_knights	Arrow_of_time	neg	-1	0.0	element_of	category	page
1978_albums	Bode_plot	neg	-1	0.0	element_of	category	page
Feudalism	Loschmidt's_paradox	neg	-1	0.0	element_of	category	page
Public_toilets_automation	Unscented_transform	neg	-1	0.0	element_of	category	page
Wavelets	Quadrature_mirror_filter	pos_pageof_wavelets	-1	1.0	element_of	category	page
Tornado	GENERIC_formalism	neg	-1	0.0	element_of	category	page
Organizational_cybernetics	OGSM	pos_pageof_organization	-1	0.4	element_of	category	page
Chess_openings	Collective_bargaining	neg	-1	0.0	element_of	category	page
Feudalism	Chemical_clock	neg	-1	0.0	element_of	category	page
Chess_openings	Parallel_task_scheduling	neg	-1	0.0	element_of	category	page
Tornado	Vanishing_moment	neg	-1	0.0	element_of	category	page
Cooking	Belousov–Zhabotinsky_reaction	neg	-1	0.0	element_of	category	page
Wavelets	Polyphase_matrix	pos_pageof_wavelets	-1	0.8	element_of	category	page
Tornado	Quality_function_deployment	neg	-1	0.0	element_of	category	page
Medieval_knights	Wavelet_packet_decomposition	neg	-1	0.0	element_of	category	page
Public_toilets_automation	MCRL2	neg	-1	0.0	element_of	category	page
1978_albums	Network_flow_problem	neg	-1	0.0	element_of	category	page
Model_checkers	Kim_Guldstrand_Larsen	pos_pageof_model_checke	-1	0.4	element_of	category	page
Medieval_knights	Néel_relaxation_theory	neg	-1	0.0	element_of	category	page
Linear_programming	Reduced_cost	pos_pageof_linear_progr	-1	0.8	element_of	category	page
Medieval_knights	Root-raised-cosine_filter	neg	-1	0.0	element_of	category	page
Medieval_knights	Ford–Fulkerson_algorithm	neg	-1	0.0	element_of	category	page
Linear_programming	Affine_scaling	pos_pageof_linear_progr	-1	0.8	element_of	category	page
Non-equilibrium_thermodynamics	Extremal_principles_in_non-equilibrium_thermodynamics	pos_pageof_non-equilibr	-1	1.0	element_of	category	page
Cooking	Extremal_principles_in_non-equilibrium_thermodynamics	neg	-1	0.0	element_of	category	page
Linear_programming	N-dimensional_polyhedron	pos_pageof_linear_progr	-1	0.8	element_of	category	page
Network_flow_problem	Network_flow_problem	pos_pageof_network_flow	-1	1.0	element_of	category	page
Cooking	Raised-cosine_filter	neg	-1	0.0	element_of	category	page
Bargaining_theory	Collective_bargaining	pos_pageof_bargaining_t	-1	0.8	element_of	category	page
1978_albums	Fundamental_theorem_of_linear_programming	neg	-1	0.0	element_of	category	page
Feudalism	Slack_variable	neg	-1	0.0	element_of	category	page
Cooking	Bandwidth_(signal_processing)	neg	-1	0.0	element_of	category	page
Television_stations	Néel_relaxation_theory	neg	-1	0.0	element_of	category	page
Chess_openings	Pixlet	neg	-1	0.0	element_of	category	page
1978_albums	Generalized_filtering	neg	-1	0.0	element_of	category	page
Feudalism	Poisson_wavelet	neg	-1	0.0	element_of	category	page
Tornado	Discrete_wavelet_transform	neg	-1	0.0	element_of	category	page
Medieval_knights	Fluctuation_theorem	neg	-1	0.0	element_of	category	page
Non-equilibrium_thermodynamics	Stochastic_thermodynamics	pos_pageof_non-equilibr	-1	0.8	element_of	category	page
Network_flow_problem	Ford–Fulkerson_algorithm	pos_pageof_network_flow	-1	1.0	element_of	category	page
Wavelets	Diffusion_wavelets	pos_pageof_wavelets	-1	0.8	element_of	category	page
Linear_programming	Dual_cone_and_polar_cone	pos_pageof_linear_progr	-1	0.8	element_of	category	page
Galaxies	Gomory–Hu_tree	neg	-1	0.0	element_of	category	page
Chess_openings	Libdmc	neg	-1	0.0	element_of	category	page
Galaxies	Basic_feasible_solution	neg	-1	0.0	element_of	category	page
Medieval_knights	Stochastic_thermodynamics	neg	-1	0.0	element_of	category	page
Television_stations	Spline_wavelet	neg	-1	0.0	element_of	category	page
Public_toilets_automation	Passband	neg	-1	0.0	element_of	category	page
Cooking	Prolate_spheroidal_wave_function	neg	-1	0.0	element_of	category	page
Galaxies	Fluctuation_theorem	neg	-1	0.0	element_of	category	page
Galaxies	Time_crystal	neg	-1	0.0	element_of	category	page
Galaxies	Linear-fractional_programming	neg	-1	0.0	element_of	category	page
Medieval_knights	Wavelet_transform_modulus_maxima_method	neg	-1	0.0	element_of	category	page
Television_stations	Packing_density	neg	-1	0.0	element_of	category	page
Comedians	Prolate_spheroidal_wave_function	neg	-1	0.0	element_of	category	page
Wavelets	Dirac_(video_compression_format)	pos_pageof_wavelets	-1	0.2	element_of	category	page
Chess_openings	Expected_shortfall	neg	-1	0.0	element_of	category	page
Feudalism	Network_synthesis_filters	neg	-1	0.0	element_of	category	page
Cooking	Roll-off	neg	-1	0.0	element_of	category	page
Feudalism	Generalized_filtering	neg	-1	0.0	element_of	category	page
Cooking	Autopoiesis	neg	-1	0.0	element_of	category	page
1978_albums	Exergy_efficiency	neg	-1	0.0	element_of	category	page
Network_flow_problem	Approximate_max-flow_min-cut_theorem	pos_pageof_network_flow	-1	1.0	element_of	category	page
Chess_openings	BBGKY_hierarchy	neg	-1	0.0	element_of	category	page
Comedians	Assignment_problem	neg	-1	0.0	element_of	category	page
Television_stations	Cooperative_bargaining	neg	-1	0.0	element_of	category	page
1978_albums	Apollonian_sphere_packing	neg	-1	0.0	element_of	category	page
Linear_programming	Farkas'_lemma	pos_pageof_linear_progr	-1	1.0	element_of	category	page
Linear_filters	Digital_biquad_filter	pos_pageof_linear_filte	-1	0.8	element_of	category	page
Cooking	Basic_feasible_solution	neg	-1	0.0	element_of	category	page
Linear_programming	Hilbert_basis_(linear_programming)	pos_pageof_linear_progr	-1	0.8	element_of	category	page
Linear_filters	Q_factor	pos_pageof_linear_filte	-1	0.8	element_of	category	page
Cooking	Approximate_max-flow_min-cut_theorem	neg	-1	0.0	element_of	category	page
Cooking	Assignment_problem	neg	-1	0.0	element_of	category	page
Linear_filters	Raised-cosine_filter	pos_pageof_linear_filte	-1	0.8	element_of	category	page
Packing_problems	Parallel_task_scheduling	pos_pageof_packing_prob	-1	0.8	element_of	category	page
Comedians	Analogue_filter	neg	-1	0.0	element_of	category	page
Cooking	Jarzynski_equality	neg	-1	0.0	element_of	category	page
Network_flow_problem	Gomory–Hu_tree	pos_pageof_network_flow	-1	0.8	element_of	category	page
Wavelets	Bandelet_(computer_science)	pos_pageof_wavelets	-1	0.8	element_of	category	page
Feudalism	Filter_transition_region	neg	-1	0.0	element_of	category	page
Linear_filters	Linear_filter	pos_pageof_linear_filte	-1	1.0	element_of	category	page
Wavelets	Wavelet_transform	pos_pageof_wavelets	-1	1.0	element_of	category	page
Chess_openings	Extended_irreversible_thermodynamics	neg	-1	0.0	element_of	category	page
Public_toilets_automation	Strong_duality	neg	-1	0.0	element_of	category	page
1978_albums	Ellipsoid_packing	neg	-1	0.0	element_of	category	page
Filter_frequency_response	Low-pass_filter	pos_pageof_filter_frequ	-1	1.0	element_of	category	page
Galaxies	Vanishing_moment	neg	-1	0.0	element_of	category	page
Wavelets	Multigrid_method	pos_pageof_wavelets	-1	0.4	element_of	category	page
Television_stations	Stationary_wavelet_transform	neg	-1	0.0	element_of	category	page
Galaxies	Ellipsoid_packing	neg	-1	0.0	element_of	category	page
Linear_filters	Audio_equalization	pos_pageof_linear_filte	-1	0.6	element_of	category	page
Linear_filters	Reconstruction_filter	pos_pageof_linear_filte	-1	0.8	element_of	category	page
Organizational_cybernetics	The_Functions_of_the_Executive	pos_pageof_organization	-1	0.6	element_of	category	page
Linear_filters	Bessel_filter	pos_pageof_linear_filte	-1	0.8	element_of	category	page
Linear_programming	Ellipsoid_method	pos_pageof_linear_progr	-1	1.0	element_of	category	page
Packing_problems	Kepler_conjecture	pos_pageof_packing_prob	-1	1.0	element_of	category	page
Linear_filters	Sallen–Key_topology	pos_pageof_linear_filte	-1	0.8	element_of	category	page
Non-equilibrium_thermodynamics	Green–Kubo_relations	pos_pageof_non-equilibr	-1	1.0	element_of	category	page
Medieval_knights	Coiflet	neg	-1	0.0	element_of	category	page
Public_toilets_automation	Kim_Guldstrand_Larsen	neg	-1	0.0	element_of	category	page
Galaxies	MCRL2	neg	-1	0.0	element_of	category	page
Comedians	H-theorem	neg	-1	0.0	element_of	category	page
Chess_openings	All-pass_filter	neg	-1	0.0	element_of	category	page
