# page-membership (element_of) round (gen_page_pairs.py; source=MediaWiki API via fetch_category_pages.py; Haiku-graded CENTRALITY). a=category b=page; relation=element_of, a_type=category b_type=page. neg=off-domain non-membership. cols: a	b	stratum	wl	mu	relation	a_type	b_type
Feudalism	Autowave_reverberator	neg	-1	0.0	element_of	category	page
Galaxies	Ellis–Numakura_lemma	neg	-1	0.0	element_of	category	page
Cooking	No-wandering-domain_theorem	neg	-1	0.0	element_of	category	page
Nonlinear_systems	Quadratic_integrate_and_fire	pos_pageof_nonlinear_sy	-1	0.8	element_of	category	page
1978_albums	Stakeholder_analysis	neg	-1	0.0	element_of	category	page
Comedians	Living_technology	neg	-1	0.0	element_of	category	page
Emergence	Ideal_observer_theory	pos_pageof_emergence	-1	0.2	element_of	category	page
Nonlinear_systems	Duffing_equation	pos_pageof_nonlinear_sy	-1	1.0	element_of	category	page
Systems_analysis	Control–feedback–abort_loop	pos_pageof_systems_anal	-1	0.8	element_of	category	page
Medieval_knights	Autowave	neg	-1	0.0	element_of	category	page
Systems_analysis	System_context_diagram	pos_pageof_systems_anal	-1	0.8	element_of	category	page
Tornado	Darwin_among_the_Machines	neg	-1	0.0	element_of	category	page
Feudalism	Living_technology	neg	-1	0.0	element_of	category	page
Tornado	Ergodic_process	neg	-1	0.0	element_of	category	page
Cooking	Antireductionism	neg	-1	0.0	element_of	category	page
Cooking	Organicism	neg	-1	0.0	element_of	category	page
Bifurcation_theory	Hopf_bifurcation	pos_pageof_bifurcation_	-1	1.0	element_of	category	page
Tornado	Systems_modeling	neg	-1	0.0	element_of	category	page
Feudalism	Bifurcation_theory	neg	-1	0.0	element_of	category	page
Galaxies	Decentralised_system	neg	-1	0.0	element_of	category	page
Emergence	Biological_organisation	pos_pageof_emergence	-1	0.6	element_of	category	page
Television_stations	HIPO_model	neg	-1	0.0	element_of	category	page
Holism	Logical_holism	pos_pageof_holism	-1	0.8	element_of	category	page
Ergodic_theory	Ergodic_flow	pos_pageof_ergodic_theo	-1	1.0	element_of	category	page
Feudalism	Ergodic_flow	neg	-1	0.0	element_of	category	page
Television_stations	System_requirements_specification	neg	-1	0.0	element_of	category	page
Comedians	Semantic_data_model	neg	-1	0.0	element_of	category	page
Emergence	Consciousness	pos_pageof_emergence	-1	0.0	element_of	category	page
Public_toilets_automation	Structured_programming	neg	-1	0.0	element_of	category	page
Public_toilets_automation	Dispersive_partial_differential_equation	neg	-1	0.0	element_of	category	page
Ergodic_theory	Equidistribution_theorem	pos_pageof_ergodic_theo	-1	1.0	element_of	category	page
Public_toilets_automation	Kingman's_subadditive_ergodic_theorem	neg	-1	0.0	element_of	category	page
Medieval_knights	Nonlinear_system	neg	-1	0.0	element_of	category	page
Galaxies	KAOS_(software_development)	neg	-1	0.0	element_of	category	page
Ergodic_theory	Sinai–Ruelle–Bowen_measure	pos_pageof_ergodic_theo	-1	0.8	element_of	category	page
Bifurcation_theory	Hilbert–Arnold_problem	pos_pageof_bifurcation_	-1	0.8	element_of	category	page
Nonlinear_systems	Control_of_chaos	pos_pageof_nonlinear_sy	-1	0.8	element_of	category	page
1978_albums	Duhem–Quine_thesis	neg	-1	0.0	element_of	category	page
Emergence	Decentralised_system	pos_pageof_emergence	-1	0.6	element_of	category	page
Holism	Synergy	pos_pageof_holism	-1	0.6	element_of	category	page
Comedians	S._G._Dani	neg	-1	0.0	element_of	category	page
Tornado	Function_model	neg	-1	0.0	element_of	category	page
Tornado	Abelian_sandpile_model	neg	-1	0.0	element_of	category	page
Cooking	Structured_data_analysis_(systems_analysis)	neg	-1	0.0	element_of	category	page
Medieval_knights	Transpartisan	neg	-1	0.0	element_of	category	page
Systems_analysis	Structured_analysis_and_design_technique	pos_pageof_systems_anal	-1	0.8	element_of	category	page
1978_albums	Nilsequence	neg	-1	0.0	element_of	category	page
Feudalism	Emergenesis	neg	-1	0.0	element_of	category	page
Nonlinear_systems	Autowave	pos_pageof_nonlinear_sy	-1	0.8	element_of	category	page
Comedians	Lattice_(discrete_subgroup)	neg	-1	0.0	element_of	category	page
Comedians	Arithmetic_combinatorics	neg	-1	0.0	element_of	category	page
Ergodic_theory	Ornstein_isomorphism_theorem	pos_pageof_ergodic_theo	-1	0.8	element_of	category	page
Galaxies	Equation-free_modeling	neg	-1	0.0	element_of	category	page
Holism	Duhem–Quine_thesis	pos_pageof_holism	-1	0.8	element_of	category	page
Ergodic_theory	Ellis–Numakura_lemma	pos_pageof_ergodic_theo	-1	0.8	element_of	category	page
Emergence	Superorganism	pos_pageof_emergence	-1	0.6	element_of	category	page
Holism	Layered_system	pos_pageof_holism	-1	0.6	element_of	category	page
1978_albums	Orthopathy	neg	-1	0.0	element_of	category	page
Medieval_knights	Control_of_chaos	neg	-1	0.0	element_of	category	page
Public_toilets_automation	Sinai–Ruelle–Bowen_measure	neg	-1	0.0	element_of	category	page
Holism	Noosphere	pos_pageof_holism	-1	0.0	element_of	category	page
Emergence	Entropic_gravity	pos_pageof_emergence	-1	0.4	element_of	category	page
Systems_analysis	Systems_modeling	pos_pageof_systems_anal	-1	0.8	element_of	category	page
Comedians	Structured_what-if_technique	neg	-1	0.0	element_of	category	page
Galaxies	The_Evolution_of_Cooperation	neg	-1	0.0	element_of	category	page
Feudalism	Organicism	neg	-1	0.0	element_of	category	page
Ergodic_theory	Piecewise_syndetic_set	pos_pageof_ergodic_theo	-1	0.8	element_of	category	page
Chess_openings	Ergodic_Ramsey_theory	neg	-1	0.0	element_of	category	page
Ergodic_theory	Ergodic_process	pos_pageof_ergodic_theo	-1	0.8	element_of	category	page
Medieval_knights	Axiom_A	neg	-1	0.0	element_of	category	page
Television_stations	Confirmation_holism	neg	-1	0.0	element_of	category	page
Tornado	Ergodic_sequence	neg	-1	0.0	element_of	category	page
Ergodic_theory	Rokhlin_lemma	pos_pageof_ergodic_theo	-1	0.8	element_of	category	page
Galaxies	Holomovement	neg	-1	0.0	element_of	category	page
1978_albums	Credibility_thesis	neg	-1	0.0	element_of	category	page
Comedians	Darwin_among_the_Machines	neg	-1	0.0	element_of	category	page
Emergence	Dense_heterarchy	pos_pageof_emergence	-1	0.6	element_of	category	page
Tornado	Rokhlin_lemma	neg	-1	0.0	element_of	category	page
Comedians	Integral_theory	neg	-1	0.0	element_of	category	page
Feudalism	Nonlinear_acoustics	neg	-1	0.0	element_of	category	page
Television_stations	Fundamental_domain	neg	-1	0.0	element_of	category	page
Chess_openings	System_context_diagram	neg	-1	0.0	element_of	category	page
1978_albums	Ergodic_Ramsey_theory	neg	-1	0.0	element_of	category	page
Television_stations	CFA_Loop	neg	-1	0.0	element_of	category	page
1978_albums	Function_model	neg	-1	0.0	element_of	category	page
Medieval_knights	Transcritical_bifurcation	neg	-1	0.0	element_of	category	page
Systems_analysis	Shlaer–Mellor_method	pos_pageof_systems_anal	-1	0.8	element_of	category	page
Ergodic_theory	Axiom_A	pos_pageof_ergodic_theo	-1	0.8	element_of	category	page
Tornado	Equation-free_modeling	neg	-1	0.0	element_of	category	page
Tornado	Emergent_organization	neg	-1	0.0	element_of	category	page
Comedians	Biological_applications_of_bifurcation_theory	neg	-1	0.0	element_of	category	page
Nonlinear_systems	STAR_model	pos_pageof_nonlinear_sy	-1	0.8	element_of	category	page
1978_albums	Traian_Brăileanu	neg	-1	0.0	element_of	category	page
Feudalism	Orthopathy	neg	-1	0.0	element_of	category	page
Tornado	Process_philosophy	neg	-1	0.0	element_of	category	page
Emergence	Emergent_algorithm	pos_pageof_emergence	-1	0.8	element_of	category	page
Tornado	Institute_for_Complex_Adaptive_Matter	neg	-1	0.0	element_of	category	page
Systems_analysis	Structured_what-if_technique	pos_pageof_systems_anal	-1	0.8	element_of	category	page
Feudalism	Dispersive_partial_differential_equation	neg	-1	0.0	element_of	category	page
Medieval_knights	Synergetics_(Haken)	neg	-1	0.0	element_of	category	page
Holism	Organicism	pos_pageof_holism	-1	0.6	element_of	category	page
Holism	Belgitude	pos_pageof_holism	-1	0.0	element_of	category	page
Holism	Implicate_and_explicate_order	pos_pageof_holism	-1	0.4	element_of	category	page
Systems_analysis	Systems_analysis	pos_pageof_systems_anal	-1	1.0	element_of	category	page
Cooking	System_integration	neg	-1	0.0	element_of	category	page
Tornado	Holism	neg	-1	0.0	element_of	category	page
Tornado	Bifurcation_memory	neg	-1	0.0	element_of	category	page
Ergodic_theory	Markov_operator	pos_pageof_ergodic_theo	-1	0.8	element_of	category	page
Emergence	Darwin_machine	pos_pageof_emergence	-1	0.8	element_of	category	page
Medieval_knights	Hopf_bifurcation	neg	-1	0.0	element_of	category	page
Systems_analysis	Control-flow_diagram	pos_pageof_systems_anal	-1	0.8	element_of	category	page
Ergodic_theory	Ergodic_sequence	pos_pageof_ergodic_theo	-1	0.8	element_of	category	page
Television_stations	Kuramoto–Sivashinsky_equation	neg	-1	0.0	element_of	category	page
Emergence	Multi-level_governance	pos_pageof_emergence	-1	0.4	element_of	category	page
Comedians	Period-doubling_bifurcation	neg	-1	0.0	element_of	category	page
Galaxies	Thick_set	neg	-1	0.0	element_of	category	page
Galaxies	Dispersive_partial_differential_equation	neg	-1	0.0	element_of	category	page
Television_stations	Systems_theory	neg	-1	0.0	element_of	category	page
Galaxies	Logical_holism	neg	-1	0.0	element_of	category	page
Bifurcation_theory	Period-doubling_bifurcation	pos_pageof_bifurcation_	-1	0.8	element_of	category	page
Emergence	Emergenesis	pos_pageof_emergence	-1	0.8	element_of	category	page
Chess_openings	Stakeholder_analysis	neg	-1	0.0	element_of	category	page
Medieval_knights	Three-wave_equation	neg	-1	0.0	element_of	category	page
Medieval_knights	Systems_theory	neg	-1	0.0	element_of	category	page
Ergodic_theory	Maximal_ergodic_theorem	pos_pageof_ergodic_theo	-1	0.8	element_of	category	page
Nonlinear_systems	Thomas'_cyclically_symmetric_attractor	pos_pageof_nonlinear_sy	-1	0.8	element_of	category	page
Cooking	IDEF0	neg	-1	0.0	element_of	category	page
Cooking	Spatial_bifurcation	neg	-1	0.0	element_of	category	page
Bifurcation_theory	Homoclinic_bifurcation	pos_pageof_bifurcation_	-1	0.8	element_of	category	page
Galaxies	Kolmogorov_automorphism	neg	-1	0.0	element_of	category	page
Emergence	The_Ghost_in_the_Machine	pos_pageof_emergence	-1	0.0	element_of	category	page
Cooking	KAOS_(software_development)	neg	-1	0.0	element_of	category	page
Emergence	Reductionism	pos_pageof_emergence	-1	0.4	element_of	category	page
Comedians	Lusser's_law	neg	-1	0.0	element_of	category	page
Public_toilets_automation	Analysis	neg	-1	0.0	element_of	category	page
Tornado	Thomas_Avinger	neg	-1	0.0	element_of	category	page
Bifurcation_theory	Heteroclinic_bifurcation	pos_pageof_bifurcation_	-1	0.8	element_of	category	page
Tornado	Duhem–Quine_thesis	neg	-1	0.0	element_of	category	page
Systems_analysis	Policy_analysis	pos_pageof_systems_anal	-1	0.6	element_of	category	page
Television_stations	Synergetics_(Haken)	neg	-1	0.0	element_of	category	page
1978_albums	Organicism	neg	-1	0.0	element_of	category	page
Nonlinear_systems	Wave_turbulence	pos_pageof_nonlinear_sy	-1	0.8	element_of	category	page
Public_toilets_automation	Markov_operator	neg	-1	0.0	element_of	category	page
Public_toilets_automation	Lattice_(discrete_subgroup)	neg	-1	0.0	element_of	category	page
Emergence	Weak_emergence	pos_pageof_emergence	-1	0.8	element_of	category	page
Systems_analysis	N2_chart	pos_pageof_systems_anal	-1	0.8	element_of	category	page
Television_stations	Social_neuroscience	neg	-1	0.0	element_of	category	page
1978_albums	Bailout_embedding	neg	-1	0.0	element_of	category	page
Cooking	Special_sciences	neg	-1	0.0	element_of	category	page
Nonlinear_systems	Trophic_function	pos_pageof_nonlinear_sy	-1	0.4	element_of	category	page
Holism	The_Evolution_of_Cooperation	pos_pageof_holism	-1	0.2	element_of	category	page
Tornado	Strategy_dynamics	neg	-1	0.0	element_of	category	page
Feudalism	Holism	neg	-1	0.0	element_of	category	page
Emergence	Emergentism	pos_pageof_emergence	-1	0.8	element_of	category	page
Television_stations	System_context_diagram	neg	-1	0.0	element_of	category	page
Feudalism	STAR_model	neg	-1	0.0	element_of	category	page
Television_stations	Mixing_(mathematics)	neg	-1	0.0	element_of	category	page
Ergodic_theory	Markov_odometer	pos_pageof_ergodic_theo	-1	0.8	element_of	category	page
Comedians	Parametric_array	neg	-1	0.0	element_of	category	page
Systems_analysis	Function_model	pos_pageof_systems_anal	-1	0.8	element_of	category	page
Public_toilets_automation	Hidden_attractor	neg	-1	0.0	element_of	category	page
Television_stations	Multi-level_governance	neg	-1	0.0	element_of	category	page
Television_stations	List_of_nonlinear_ordinary_differential_equations	neg	-1	0.0	element_of	category	page
1978_albums	Hopf_bifurcation	neg	-1	0.0	element_of	category	page
Cooking	Stationary_ergodic_process	neg	-1	0.0	element_of	category	page
Nonlinear_systems	Bifurcation_memory	pos_pageof_nonlinear_sy	-1	0.8	element_of	category	page
Cooking	Work_systems	neg	-1	0.0	element_of	category	page
Galaxies	Thomas_Avinger	neg	-1	0.0	element_of	category	page
1978_albums	Social_epidemiology	neg	-1	0.0	element_of	category	page
Feudalism	The_Ghost_in_the_Machine	neg	-1	0.0	element_of	category	page
Public_toilets_automation	Bifurcation_theory	neg	-1	0.0	element_of	category	page
Emergence	Analysis	pos_pageof_emergence	-1	0.2	element_of	category	page
Emergence	Models_of_collaborative_tagging	pos_pageof_emergence	-1	0.4	element_of	category	page
Medieval_knights	Global_brain	neg	-1	0.0	element_of	category	page
Cooking	IDEF1X	neg	-1	0.0	element_of	category	page
Systems_analysis	Stakeholder_analysis	pos_pageof_systems_anal	-1	0.8	element_of	category	page
Comedians	Wholistic_reference	neg	-1	0.0	element_of	category	page
1978_albums	Wandering_set	neg	-1	0.0	element_of	category	page
Galaxies	Integrative_level	neg	-1	0.0	element_of	category	page
Galaxies	Linear_flow_on_the_torus	neg	-1	0.0	element_of	category	page
Tornado	Holomovement	neg	-1	0.0	element_of	category	page
Systems_analysis	Manumation	pos_pageof_systems_anal	-1	0.2	element_of	category	page
Nonlinear_systems	Excitable_medium	pos_pageof_nonlinear_sy	-1	0.8	element_of	category	page
Comedians	KAOS_(software_development)	neg	-1	0.0	element_of	category	page
Public_toilets_automation	Plithotaxis	neg	-1	0.0	element_of	category	page
Chess_openings	Duality_(CoPs)	neg	-1	0.0	element_of	category	page
Cooking	Functional_flow_block_diagram	neg	-1	0.0	element_of	category	page
Holism	Superorganism	pos_pageof_holism	-1	0.6	element_of	category	page
Public_toilets_automation	DSRP	neg	-1	0.0	element_of	category	page
Systems_analysis	System_requirements_specification	pos_pageof_systems_anal	-1	0.8	element_of	category	page
Systems_analysis	DSRP	pos_pageof_systems_anal	-1	0.6	element_of	category	page
Chess_openings	Theta_model	neg	-1	0.0	element_of	category	page
Cooking	Crisis_(dynamical_systems)	neg	-1	0.0	element_of	category	page
Public_toilets_automation	Bernoulli_scheme	neg	-1	0.0	element_of	category	page
Galaxies	Consciousness	neg	-1	0.0	element_of	category	page
Feudalism	Fermi–Pasta–Ulam–Tsingou_problem	neg	-1	0.0	element_of	category	page
Chess_openings	Convergent_cross_mapping	neg	-1	0.0	element_of	category	page
Tornado	Consciousness	neg	-1	0.0	element_of	category	page
Chess_openings	Duhem–Quine_thesis	neg	-1	0.0	element_of	category	page
Holism	Modular_design	pos_pageof_holism	-1	0.6	element_of	category	page
Comedians	Self-oscillation	neg	-1	0.0	element_of	category	page
Holism	Orthopathy	pos_pageof_holism	-1	0.0	element_of	category	page
Chess_openings	Artin_billiard	neg	-1	0.0	element_of	category	page
Tornado	S._G._Dani	neg	-1	0.0	element_of	category	page
Cooking	Manumation	neg	-1	0.0	element_of	category	page
Public_toilets_automation	Volume_entropy	neg	-1	0.0	element_of	category	page
Galaxies	SETAR_(model)	neg	-1	0.0	element_of	category	page
Television_stations	Ergodic_process	neg	-1	0.0	element_of	category	page
Television_stations	Absorbing_barrier_(finance)	neg	-1	0.0	element_of	category	page
Public_toilets_automation	Biocomplexity	neg	-1	0.0	element_of	category	page
Systems_analysis	Structured_systems_analysis_and_design_method	pos_pageof_systems_anal	-1	0.8	element_of	category	page
Nonlinear_systems	Spiral_wave	pos_pageof_nonlinear_sy	-1	0.8	element_of	category	page
Ergodic_theory	Hopf_decomposition	pos_pageof_ergodic_theo	-1	0.8	element_of	category	page
Ergodic_theory	Ergodic_Ramsey_theory	pos_pageof_ergodic_theo	-1	0.8	element_of	category	page
Ergodic_theory	Mixing_(physics)	pos_pageof_ergodic_theo	-1	0.8	element_of	category	page
1978_albums	Kuramoto_model	neg	-1	0.0	element_of	category	page
Ergodic_theory	Krylov–Bogolyubov_theorem	pos_pageof_ergodic_theo	-1	0.8	element_of	category	page
Galaxies	Bifurcation_theory	neg	-1	0.0	element_of	category	page
Ergodic_theory	Fundamental_domain	pos_pageof_ergodic_theo	-1	0.8	element_of	category	page
Emergence	Statistical_finance	pos_pageof_emergence	-1	0.4	element_of	category	page
Television_stations	Prancercise	neg	-1	0.0	element_of	category	page
Chess_openings	Control_of_chaos	neg	-1	0.0	element_of	category	page
Systems_analysis	Power_integrity	pos_pageof_systems_anal	-1	0.2	element_of	category	page
Medieval_knights	Theory_of_everything_(philosophy)	neg	-1	0.0	element_of	category	page
Comedians	Function_(computer_programming)	neg	-1	0.0	element_of	category	page
1978_albums	Heteroclinic_bifurcation	neg	-1	0.0	element_of	category	page
Systems_analysis	Lusser's_law	pos_pageof_systems_anal	-1	0.6	element_of	category	page
Nonlinear_systems	Hodgkin–Huxley_model	pos_pageof_nonlinear_sy	-1	0.8	element_of	category	page
Tornado	Wave_turbulence	neg	-1	0.0	element_of	category	page
Ergodic_theory	Kingman's_subadditive_ergodic_theorem	pos_pageof_ergodic_theo	-1	0.8	element_of	category	page
Comedians	Topological_entropy	neg	-1	0.0	element_of	category	page
Nonlinear_systems	Synergistic_system	pos_pageof_nonlinear_sy	-1	0.8	element_of	category	page
Tornado	OODA_loop	neg	-1	0.0	element_of	category	page
Ergodic_theory	Stationary_ergodic_process	pos_pageof_ergodic_theo	-1	0.8	element_of	category	page
Cooking	Ergodicity_economics	neg	-1	0.0	element_of	category	page
Ergodic_theory	Topological_entropy	pos_pageof_ergodic_theo	-1	0.8	element_of	category	page
Ergodic_theory	Kolmogorov_automorphism	pos_pageof_ergodic_theo	-1	0.8	element_of	category	page
Feudalism	Biological_organisation	neg	-1	0.0	element_of	category	page
Feudalism	Ultra-large-scale_systems	neg	-1	0.0	element_of	category	page
Feudalism	Axiom_A	neg	-1	0.0	element_of	category	page
Ergodic_theory	Artin_billiard	pos_pageof_ergodic_theo	-1	0.8	element_of	category	page
Cooking	Systems_theory	neg	-1	0.0	element_of	category	page
Emergence	4E_cognition	pos_pageof_emergence	-1	0.6	element_of	category	page
Feudalism	Business_analyst	neg	-1	0.0	element_of	category	page
Emergence	Emergent_evolution	pos_pageof_emergence	-1	0.8	element_of	category	page
Public_toilets_automation	Mixing_(mathematics)	neg	-1	0.0	element_of	category	page
Holism	Theory_of_Colours	pos_pageof_holism	-1	0.0	element_of	category	page
Systems_analysis	CFA_Loop	pos_pageof_systems_anal	-1	0.8	element_of	category	page
Ergodic_theory	Volume_entropy	pos_pageof_ergodic_theo	-1	0.8	element_of	category	page
Nonlinear_systems	Coupled_map_lattice	pos_pageof_nonlinear_sy	-1	0.8	element_of	category	page
Emergence	Holism	pos_pageof_emergence	-1	0.8	element_of	category	page
1978_albums	Artin_billiard	neg	-1	0.0	element_of	category	page
Television_stations	4E_cognition	neg	-1	0.0	element_of	category	page
Cooking	Compartmental_neuron_models	neg	-1	0.0	element_of	category	page
Holism	Indeterminacy_(philosophy)	pos_pageof_holism	-1	0.4	element_of	category	page
Chess_openings	Integral_theory	neg	-1	0.0	element_of	category	page
Galaxies	Hindmarsh–Rose_model	neg	-1	0.0	element_of	category	page
Galaxies	Spiral_wave	neg	-1	0.0	element_of	category	page
Ergodic_theory	Ergodic_theory	pos_pageof_ergodic_theo	-1	1.0	element_of	category	page
Galaxies	Exchange_to_exchange	neg	-1	0.0	element_of	category	page
Galaxies	Bogdanov–Takens_bifurcation	neg	-1	0.0	element_of	category	page
Emergence	Induced_gravity	pos_pageof_emergence	-1	0.4	element_of	category	page
Nonlinear_systems	Nonlinear_system_identification	pos_pageof_nonlinear_sy	-1	0.8	element_of	category	page
Cooking	Holon_(philosophy)	neg	-1	0.0	element_of	category	page
Television_stations	IDEF1X	neg	-1	0.0	element_of	category	page
1978_albums	Social_cognitive_neuroscience	neg	-1	0.0	element_of	category	page
Nonlinear_systems	Hidden_attractor	pos_pageof_nonlinear_sy	-1	0.8	element_of	category	page
Medieval_knights	Duality_(CoPs)	neg	-1	0.0	element_of	category	page
Ergodic_theory	Mixing_(mathematics)	pos_pageof_ergodic_theo	-1	0.8	element_of	category	page
Emergence	Health_web_science	pos_pageof_emergence	-1	0.4	element_of	category	page
Systems_analysis	System_integration	pos_pageof_systems_anal	-1	0.8	element_of	category	page
Tornado	Three-wave_equation	neg	-1	0.0	element_of	category	page
Public_toilets_automation	Dense_heterarchy	neg	-1	0.0	element_of	category	page
Nonlinear_systems	Fermi–Pasta–Ulam–Tsingou_problem	pos_pageof_nonlinear_sy	-1	0.8	element_of	category	page
Feudalism	Hilbert–Arnold_problem	neg	-1	0.0	element_of	category	page
Feudalism	No-wandering-domain_theorem	neg	-1	0.0	element_of	category	page
Nonlinear_systems	Dispersive_partial_differential_equation	pos_pageof_nonlinear_sy	-1	0.8	element_of	category	page
Comedians	Sphoṭa	neg	-1	0.0	element_of	category	page
Feudalism	Darwin_machine	neg	-1	0.0	element_of	category	page
Cooking	Traveling-wave_parametric_amplifier	neg	-1	0.0	element_of	category	page
Emergence	Biocomplexity	pos_pageof_emergence	-1	0.8	element_of	category	page
Cooking	Two_Dogmas_of_Empiricism	neg	-1	0.0	element_of	category	page
Ergodic_theory	Bernoulli_scheme	pos_pageof_ergodic_theo	-1	0.8	element_of	category	page
Nonlinear_systems	Kuramoto_model	pos_pageof_nonlinear_sy	-1	0.8	element_of	category	page
Holism	Semantic_holism	pos_pageof_holism	-1	0.8	element_of	category	page
Public_toilets_automation	Failure_mode_and_effects_analysis	neg	-1	0.0	element_of	category	page
Holism	Traian_Brăileanu	pos_pageof_holism	-1	0.0	element_of	category	page
Chess_openings	Management_cybernetics	neg	-1	0.0	element_of	category	page
Tornado	Transdisciplinarity	neg	-1	0.0	element_of	category	page
Galaxies	Theory_of_Colours	neg	-1	0.0	element_of	category	page
Emergence	Connectionism	pos_pageof_emergence	-1	0.6	element_of	category	page
Television_stations	Sinai–Ruelle–Bowen_measure	neg	-1	0.0	element_of	category	page
Ergodic_theory	S._G._Dani	pos_pageof_ergodic_theo	-1	0.2	element_of	category	page
Nonlinear_systems	Period-doubling_bifurcation	pos_pageof_nonlinear_sy	-1	0.8	element_of	category	page
Tornado	IDEF0	neg	-1	0.0	element_of	category	page
Medieval_knights	OpenCog	neg	-1	0.0	element_of	category	page
Ergodic_theory	Nilsequence	pos_pageof_ergodic_theo	-1	0.8	element_of	category	page
Public_toilets_automation	Artin_billiard	neg	-1	0.0	element_of	category	page
Emergence	Symmetry-protected_topological_order	pos_pageof_emergence	-1	0.6	element_of	category	page
Nonlinear_systems	Bailout_embedding	pos_pageof_nonlinear_sy	-1	0.6	element_of	category	page
Comedians	STAR_model	neg	-1	0.0	element_of	category	page
Nonlinear_systems	Lorenz_system	pos_pageof_nonlinear_sy	-1	1.0	element_of	category	page
Cooking	First_Conference_on_Scientific_Organization_of_Labour	neg	-1	0.0	element_of	category	page
Nonlinear_systems	Variable_structure_system	pos_pageof_nonlinear_sy	-1	0.8	element_of	category	page
Ergodic_theory	Invariant_sigma-algebra	pos_pageof_ergodic_theo	-1	0.8	element_of	category	page
Chess_openings	Structured_systems_analysis_and_design_method	neg	-1	0.0	element_of	category	page
Medieval_knights	Catastrophe_theory	neg	-1	0.0	element_of	category	page
Systems_analysis	KAOS_(software_development)	pos_pageof_systems_anal	-1	0.8	element_of	category	page
1978_albums	Hyperchaos	neg	-1	0.0	element_of	category	page
Tornado	Integrative_level	neg	-1	0.0	element_of	category	page
Comedians	DUAL_(cognitive_architecture)	neg	-1	0.0	element_of	category	page
Systems_analysis	Spillover_(experiment)	pos_pageof_systems_anal	-1	0.4	element_of	category	page
Systems_analysis	Structured_data_analysis_(systems_analysis)	pos_pageof_systems_anal	-1	0.8	element_of	category	page
Feudalism	Bernoulli_scheme	neg	-1	0.0	element_of	category	page
Medieval_knights	Failure_mode_and_effects_analysis	neg	-1	0.0	element_of	category	page
Tornado	Biocomplexity	neg	-1	0.0	element_of	category	page
Nonlinear_systems	Neural_accommodation	pos_pageof_nonlinear_sy	-1	0.6	element_of	category	page
Ergodic_theory	Unit_tangent_bundle	pos_pageof_ergodic_theo	-1	0.8	element_of	category	page
Medieval_knights	Shlaer–Mellor_method	neg	-1	0.0	element_of	category	page
Holism	Antireductionism	pos_pageof_holism	-1	0.8	element_of	category	page
Feudalism	Hysteresis	neg	-1	0.0	element_of	category	page
Chess_openings	Oseledets_theorem	neg	-1	0.0	element_of	category	page
Emergence	Steady_change	pos_pageof_emergence	-1	0.4	element_of	category	page
1978_albums	Theory_of_everything_(philosophy)	neg	-1	0.0	element_of	category	page
Galaxies	Structured_programming	neg	-1	0.0	element_of	category	page
Public_toilets_automation	Ergodic_theory	neg	-1	0.0	element_of	category	page
Galaxies	Ergodic_theory	neg	-1	0.0	element_of	category	page
Systems_analysis	Analytic_hierarchy_process	pos_pageof_systems_anal	-1	0.8	element_of	category	page
Systems_analysis	IDEF0	pos_pageof_systems_anal	-1	0.8	element_of	category	page
Chess_openings	Transcendental_humanism	neg	-1	0.0	element_of	category	page
Nonlinear_systems	Exponential_integrate-and-fire	pos_pageof_nonlinear_sy	-1	0.8	element_of	category	page
Medieval_knights	Swarm_(simulation)	neg	-1	0.0	element_of	category	page
1978_albums	Logical_holism	neg	-1	0.0	element_of	category	page
Galaxies	Compartmental_neuron_models	neg	-1	0.0	element_of	category	page
Bifurcation_theory	Bifurcation_diagram	pos_pageof_bifurcation_	-1	0.8	element_of	category	page
Feudalism	Ergodicity_economics	neg	-1	0.0	element_of	category	page
Emergence	Emergent_organization	pos_pageof_emergence	-1	0.8	element_of	category	page
Holism	Holism	pos_pageof_holism	-1	1.0	element_of	category	page
Medieval_knights	Modular_design	neg	-1	0.0	element_of	category	page
Emergence	Social_neuroscience	pos_pageof_emergence	-1	0.4	element_of	category	page
Comedians	Social_complexity	neg	-1	0.0	element_of	category	page
Tornado	Superstatistics	neg	-1	0.0	element_of	category	page
Comedians	Krylov–Bogolyubov_theorem	neg	-1	0.0	element_of	category	page
Galaxies	Exponential_integrate-and-fire	neg	-1	0.0	element_of	category	page
Nonlinear_systems	SETAR_(model)	pos_pageof_nonlinear_sy	-1	0.8	element_of	category	page
Emergence	Multilineal_evolution	pos_pageof_emergence	-1	0.2	element_of	category	page
Comedians	Hidden_attractor	neg	-1	0.0	element_of	category	page
Feudalism	Artin_billiard	neg	-1	0.0	element_of	category	page
Systems_analysis	Structure_chart	pos_pageof_systems_anal	-1	0.8	element_of	category	page
Cooking	Statistical_finance	neg	-1	0.0	element_of	category	page
Emergence	Interactional_linguistics	pos_pageof_emergence	-1	0.2	element_of	category	page
Holism	Tektology	pos_pageof_holism	-1	0.8	element_of	category	page
Tornado	Thomas'_cyclically_symmetric_attractor	neg	-1	0.0	element_of	category	page
Chess_openings	IP_set	neg	-1	0.0	element_of	category	page
1978_albums	Bogdanov–Takens_bifurcation	neg	-1	0.0	element_of	category	page
Television_stations	Stakeholder_analysis	neg	-1	0.0	element_of	category	page
Medieval_knights	Infinite-period_bifurcation	neg	-1	0.0	element_of	category	page
Tornado	Powers_of_Ten_(film_series)	neg	-1	0.0	element_of	category	page
Emergence	Strong_emergence	pos_pageof_emergence	-1	0.8	element_of	category	page
Public_toilets_automation	Functional_flow_block_diagram	neg	-1	0.0	element_of	category	page
Television_stations	Compartmental_neuron_models	neg	-1	0.0	element_of	category	page
Chess_openings	Infinite-period_bifurcation	neg	-1	0.0	element_of	category	page
Galaxies	Duality_(CoPs)	neg	-1	0.0	element_of	category	page
Galaxies	Kuramoto–Sivashinsky_equation	neg	-1	0.0	element_of	category	page
Comedians	Duality_(CoPs)	neg	-1	0.0	element_of	category	page
Comedians	N2_chart	neg	-1	0.0	element_of	category	page
1978_albums	Hilbert–Arnold_problem	neg	-1	0.0	element_of	category	page
Galaxies	NeSSI	neg	-1	0.0	element_of	category	page
1978_albums	Coupled_map_lattice	neg	-1	0.0	element_of	category	page
Emergence	Artificial_creation	pos_pageof_emergence	-1	0.0	element_of	category	page
Chess_openings	Biocomplexity	neg	-1	0.0	element_of	category	page
Emergence	Ecology	pos_pageof_emergence	-1	0.6	element_of	category	page
Public_toilets_automation	Blue_sky_catastrophe	neg	-1	0.0	element_of	category	page
Nonlinear_systems	Parametric_array	pos_pageof_nonlinear_sy	-1	0.2	element_of	category	page
Medieval_knights	Artin_billiard	neg	-1	0.0	element_of	category	page
Feudalism	Integrative_level	neg	-1	0.0	element_of	category	page
Ergodic_theory	Commutation_theorem_for_traces	pos_pageof_ergodic_theo	-1	0.8	element_of	category	page
Emergence	Einselection	pos_pageof_emergence	-1	0.6	element_of	category	page
Comedians	Entropic_gravity	neg	-1	0.0	element_of	category	page
Chess_openings	Pitchfork_bifurcation	neg	-1	0.0	element_of	category	page
Cooking	Event_partitioning	neg	-1	0.0	element_of	category	page
Public_toilets_automation	Traian_Brăileanu	neg	-1	0.0	element_of	category	page
Ergodic_theory	Ratner's_theorems	pos_pageof_ergodic_theo	-1	0.8	element_of	category	page
Holism	Holism_in_science	pos_pageof_holism	-1	0.8	element_of	category	page
Holism	Two_Dogmas_of_Empiricism	pos_pageof_holism	-1	0.6	element_of	category	page
Comedians	Syndetic_set	neg	-1	0.0	element_of	category	page
Ergodic_theory	Subshift_of_finite_type	pos_pageof_ergodic_theo	-1	0.8	element_of	category	page
Chess_openings	Systems_theory	neg	-1	0.0	element_of	category	page
Chess_openings	Weak_emergence	neg	-1	0.0	element_of	category	page
Emergence	The_central_science	pos_pageof_emergence	-1	0.0	element_of	category	page
Emergence	Enactivism	pos_pageof_emergence	-1	0.6	element_of	category	page
Chess_openings	Holism	neg	-1	0.0	element_of	category	page
Cooking	Steady_change	neg	-1	0.0	element_of	category	page
Television_stations	Maximal_ergodic_theorem	neg	-1	0.0	element_of	category	page
1978_albums	Transcritical_bifurcation	neg	-1	0.0	element_of	category	page
Ergodic_theory	IP_set	pos_pageof_ergodic_theo	-1	0.8	element_of	category	page
Tornado	Social_neuroscience	neg	-1	0.0	element_of	category	page
Tornado	Maximising_measure	neg	-1	0.0	element_of	category	page
Public_toilets_automation	Krylov–Bogolyubov_theorem	neg	-1	0.0	element_of	category	page
Emergence	Plithotaxis	pos_pageof_emergence	-1	0.0	element_of	category	page
1978_albums	Classical_limit	neg	-1	0.0	element_of	category	page
Nonlinear_systems	Superstatistics	pos_pageof_nonlinear_sy	-1	0.8	element_of	category	page
Systems_analysis	IDEF5	pos_pageof_systems_anal	-1	0.6	element_of	category	page
Television_stations	Darwin_machine	neg	-1	0.0	element_of	category	page
Emergence	Living_technology	pos_pageof_emergence	-1	0.4	element_of	category	page
Comedians	Poincaré_recurrence_theorem	neg	-1	0.0	element_of	category	page
Feudalism	Kuramoto–Sivashinsky_equation	neg	-1	0.0	element_of	category	page
Cooking	Holism_in_science	neg	-1	0.0	element_of	category	page
Television_stations	Duality_(CoPs)	neg	-1	0.0	element_of	category	page
Public_toilets_automation	Quantum_ergodicity	neg	-1	0.0	element_of	category	page
Television_stations	Abelian_sandpile_model	neg	-1	0.0	element_of	category	page
Emergence	Institute_for_Complex_Adaptive_Matter	pos_pageof_emergence	-1	0.6	element_of	category	page
Tornado	Bifurcation_theory	neg	-1	0.0	element_of	category	page
Holism	Transdisciplinarity	pos_pageof_holism	-1	0.6	element_of	category	page
1978_albums	Exponential_integrate-and-fire	neg	-1	0.0	element_of	category	page
Holism	Synergetics_(Fuller)	pos_pageof_holism	-1	0.8	element_of	category	page
Television_stations	Emergence	neg	-1	0.0	element_of	category	page
Medieval_knights	Control-flow_diagram	neg	-1	0.0	element_of	category	page
Television_stations	Poincaré_recurrence_theorem	neg	-1	0.0	element_of	category	page
Emergence	Emergent_materialism	pos_pageof_emergence	-1	0.8	element_of	category	page
Public_toilets_automation	Consciousness	neg	-1	0.0	element_of	category	page
Galaxies	Transdisciplinarity	neg	-1	0.0	element_of	category	page
Public_toilets_automation	Variable_structure_system	neg	-1	0.0	element_of	category	page
1978_albums	Bifurcation_theory	neg	-1	0.0	element_of	category	page
Public_toilets_automation	Heteroclinic_bifurcation	neg	-1	0.0	element_of	category	page
Comedians	Gestalt_psychology	neg	-1	0.0	element_of	category	page
Nonlinear_systems	Additive_state_decomposition	pos_pageof_nonlinear_sy	-1	0.6	element_of	category	page
Emergence	Systems_theory	pos_pageof_emergence	-1	0.8	element_of	category	page
Feudalism	Bifurcation_memory	neg	-1	0.0	element_of	category	page
Ergodic_theory	Poincaré_recurrence_theorem	pos_pageof_ergodic_theo	-1	1.0	element_of	category	page
Tornado	Oseledets_theorem	neg	-1	0.0	element_of	category	page
Television_stations	Neural_accommodation	neg	-1	0.0	element_of	category	page
Cooking	Wholistic_reference	neg	-1	0.0	element_of	category	page
Television_stations	Thomas_Avinger	neg	-1	0.0	element_of	category	page
Comedians	Kac's_lemma	neg	-1	0.0	element_of	category	page
Public_toilets_automation	Health_web_science	neg	-1	0.0	element_of	category	page
Comedians	Symmetry-protected_topological_order	neg	-1	0.0	element_of	category	page
Feudalism	Social_epidemiology	neg	-1	0.0	element_of	category	page
Feudalism	Bailout_embedding	neg	-1	0.0	element_of	category	page
Systems_analysis	Management_cybernetics	pos_pageof_systems_anal	-1	0.8	element_of	category	page
Chess_openings	Communalness	neg	-1	0.0	element_of	category	page
Systems_analysis	HIPO_model	pos_pageof_systems_anal	-1	0.6	element_of	category	page
Television_stations	Integrative_level	neg	-1	0.0	element_of	category	page
Public_toilets_automation	Kolmogorov_automorphism	neg	-1	0.0	element_of	category	page
Holism	Powers_of_Ten_(film_series)	pos_pageof_holism	-1	0.2	element_of	category	page
Medieval_knights	Reductionism	neg	-1	0.0	element_of	category	page
Galaxies	Blue_sky_catastrophe	neg	-1	0.0	element_of	category	page
Chess_openings	Event_partitioning	neg	-1	0.0	element_of	category	page
1978_albums	Homoclinic_bifurcation	neg	-1	0.0	element_of	category	page
Galaxies	Functional_flow_block_diagram	neg	-1	0.0	element_of	category	page
Holism	Holon_(sculpture)	pos_pageof_holism	-1	0.0	element_of	category	page
Cooking	CFA_Loop	neg	-1	0.0	element_of	category	page
Nonlinear_systems	Autowave_reverberator	pos_pageof_nonlinear_sy	-1	0.6	element_of	category	page
Medieval_knights	Bifurcation_diagram	neg	-1	0.0	element_of	category	page
Nonlinear_systems	Compartmental_neuron_models	pos_pageof_nonlinear_sy	-1	0.6	element_of	category	page
Feudalism	Spillover_(experiment)	neg	-1	0.0	element_of	category	page
Ergodic_theory	Lattice_(discrete_subgroup)	pos_pageof_ergodic_theo	-1	0.6	element_of	category	page
Holism	Complexity	pos_pageof_holism	-1	0.8	element_of	category	page
Nonlinear_systems	Dynamic_fluid_film_equations	pos_pageof_nonlinear_sy	-1	0.6	element_of	category	page
Ergodic_theory	Arithmetic_combinatorics	pos_pageof_ergodic_theo	-1	0.4	element_of	category	page
Tornado	Hopf_decomposition	neg	-1	0.0	element_of	category	page
Tornado	Sinai–Ruelle–Bowen_measure	neg	-1	0.0	element_of	category	page
Comedians	Kuramoto_model	neg	-1	0.0	element_of	category	page
Feudalism	Steady_change	neg	-1	0.0	element_of	category	page
Cooking	Noosphere	neg	-1	0.0	element_of	category	page
Television_stations	IP_set	neg	-1	0.0	element_of	category	page
Holism	Relationalism	pos_pageof_holism	-1	0.6	element_of	category	page
Chess_openings	DUAL_(cognitive_architecture)	neg	-1	0.0	element_of	category	page
Chess_openings	Social_cognitive_neuroscience	neg	-1	0.0	element_of	category	page
Systems_analysis	IDEF3	pos_pageof_systems_anal	-1	0.6	element_of	category	page
Public_toilets_automation	Coupled_map_lattice	neg	-1	0.0	element_of	category	page
Galaxies	Emergenesis	neg	-1	0.0	element_of	category	page
Cooking	Spillover_(experiment)	neg	-1	0.0	element_of	category	page
Medieval_knights	Emergentism	neg	-1	0.0	element_of	category	page
Ergodic_theory	Ergodicity_economics	pos_pageof_ergodic_theo	-1	0.4	element_of	category	page
Medieval_knights	Conservative_system	neg	-1	0.0	element_of	category	page
Comedians	No-wandering-domain_theorem	neg	-1	0.0	element_of	category	page
1978_albums	Superorganism	neg	-1	0.0	element_of	category	page
Nonlinear_systems	FitzHugh–Nagumo_model	pos_pageof_nonlinear_sy	-1	0.8	element_of	category	page
Nonlinear_systems	Synchronization_of_chaos	pos_pageof_nonlinear_sy	-1	0.8	element_of	category	page
Feudalism	Control-flow_diagram	neg	-1	0.0	element_of	category	page
Cooking	Enactivism	neg	-1	0.0	element_of	category	page
Tornado	Rice's_formula	neg	-1	0.0	element_of	category	page
Comedians	Social_structure	neg	-1	0.0	element_of	category	page
Galaxies	Symmetry-protected_topological_order	neg	-1	0.0	element_of	category	page
Systems_analysis	Failure_mode_and_effects_analysis	pos_pageof_systems_anal	-1	0.8	element_of	category	page
Chess_openings	Power_integrity	neg	-1	0.0	element_of	category	page
Comedians	Coupled_map_lattice	neg	-1	0.0	element_of	category	page
Cooking	Control–feedback–abort_loop	neg	-1	0.0	element_of	category	page
Medieval_knights	Price_point	neg	-1	0.0	element_of	category	page
Chess_openings	Hopf_decomposition	neg	-1	0.0	element_of	category	page
1978_albums	Mixing_(physics)	neg	-1	0.0	element_of	category	page
Comedians	Three-wave_equation	neg	-1	0.0	element_of	category	page
Galaxies	Connectionism	neg	-1	0.0	element_of	category	page
Nonlinear_systems	Hindmarsh–Rose_model	pos_pageof_nonlinear_sy	-1	0.8	element_of	category	page
Feudalism	Systems_analyst	neg	-1	0.0	element_of	category	page
Emergence	OpenCog	pos_pageof_emergence	-1	0.4	element_of	category	page
Nonlinear_systems	Hyperchaos	pos_pageof_nonlinear_sy	-1	0.8	element_of	category	page
Comedians	Superstatistics	neg	-1	0.0	element_of	category	page
Bifurcation_theory	Chaotic_hysteresis	pos_pageof_bifurcation_	-1	0.6	element_of	category	page
Galaxies	Classical_limit	neg	-1	0.0	element_of	category	page
Feudalism	Personality_systematics	neg	-1	0.0	element_of	category	page
Emergence	Duality_(CoPs)	pos_pageof_emergence	-1	0.2	element_of	category	page
Medieval_knights	Ergodic_hypothesis	neg	-1	0.0	element_of	category	page
Medieval_knights	Systems_analyst	neg	-1	0.0	element_of	category	page
Emergence	Equation-free_modeling	pos_pageof_emergence	-1	0.6	element_of	category	page
1978_albums	Internet_traffic_engineering	neg	-1	0.0	element_of	category	page
Television_stations	Semantic_data_model	neg	-1	0.0	element_of	category	page
Television_stations	Two_Dogmas_of_Empiricism	neg	-1	0.0	element_of	category	page
Emergence	Social_cognitive_neuroscience	pos_pageof_emergence	-1	0.4	element_of	category	page
Chess_openings	Analysis	neg	-1	0.0	element_of	category	page
Tornado	OpenCog	neg	-1	0.0	element_of	category	page
Emergence	Strategy_dynamics	pos_pageof_emergence	-1	0.6	element_of	category	page
Holism	Structured_programming	pos_pageof_holism	-1	0.2	element_of	category	page
1978_albums	Holism_in_science	neg	-1	0.0	element_of	category	page
Medieval_knights	Fundamental_domain	neg	-1	0.0	element_of	category	page
Chess_openings	Law,_Legislation_and_Liberty	neg	-1	0.0	element_of	category	page
Galaxies	Social_structure	neg	-1	0.0	element_of	category	page
Systems_analysis	Work_systems	pos_pageof_systems_anal	-1	0.6	element_of	category	page
Comedians	Strategy_dynamics	neg	-1	0.0	element_of	category	page
Nonlinear_systems	Abelian_sandpile_model	pos_pageof_nonlinear_sy	-1	0.6	element_of	category	page
Systems_analysis	Business_analyst	pos_pageof_systems_anal	-1	0.4	element_of	category	page
Ergodic_theory	Linear_flow_on_the_torus	pos_pageof_ergodic_theo	-1	0.8	element_of	category	page
Feudalism	Wholistic_reference	neg	-1	0.0	element_of	category	page
Feudalism	Communalness	neg	-1	0.0	element_of	category	page
Chess_openings	Control-flow_diagram	neg	-1	0.0	element_of	category	page
Cooking	Superorganism	neg	-1	0.0	element_of	category	page
Systems_analysis	Event_partitioning	pos_pageof_systems_anal	-1	0.6	element_of	category	page
Comedians	Traian_Brăileanu	neg	-1	0.0	element_of	category	page
Tornado	Steady_change	neg	-1	0.0	element_of	category	page
Cooking	Structure_chart	neg	-1	0.0	element_of	category	page
Systems_analysis	Systems_analyst	pos_pageof_systems_anal	-1	0.6	element_of	category	page
1978_albums	Synergistic_system	neg	-1	0.0	element_of	category	page
1978_albums	Biocomplexity	neg	-1	0.0	element_of	category	page
Chess_openings	Fermi–Pasta–Ulam–Tsingou_problem	neg	-1	0.0	element_of	category	page
Ergodic_theory	Wandering_set	pos_pageof_ergodic_theo	-1	0.8	element_of	category	page
Chess_openings	PDCA	neg	-1	0.0	element_of	category	page
Cooking	Systems_analyst	neg	-1	0.0	element_of	category	page
Television_stations	Three-wave_equation	neg	-1	0.0	element_of	category	page
Galaxies	Catastrophe_theory	neg	-1	0.0	element_of	category	page
Cooking	Strategy_dynamics	neg	-1	0.0	element_of	category	page
Medieval_knights	Chaotic_hysteresis	neg	-1	0.0	element_of	category	page
Public_toilets_automation	Transpartisan	neg	-1	0.0	element_of	category	page
Medieval_knights	Chaos_communications	neg	-1	0.0	element_of	category	page
Medieval_knights	OODA_loop	neg	-1	0.0	element_of	category	page
Galaxies	Hodgkin–Huxley_model	neg	-1	0.0	element_of	category	page
Public_toilets_automation	Pyragas_method	neg	-1	0.0	element_of	category	page
Nonlinear_systems	Kuramoto–Sivashinsky_equation	pos_pageof_nonlinear_sy	-1	0.8	element_of	category	page
Ergodic_theory	Wiener–Wintner_theorem	pos_pageof_ergodic_theo	-1	0.8	element_of	category	page
Tornado	Structured_programming	neg	-1	0.0	element_of	category	page
Bifurcation_theory	Crisis_(dynamical_systems)	pos_pageof_bifurcation_	-1	0.8	element_of	category	page
Medieval_knights	Normal_form_(dynamical_systems)	neg	-1	0.0	element_of	category	page
Medieval_knights	System_context_diagram	neg	-1	0.0	element_of	category	page
1978_albums	Failure_mode_and_effects_analysis	neg	-1	0.0	element_of	category	page
Comedians	Holism	neg	-1	0.0	element_of	category	page
Cooking	Bifurcation_theory	neg	-1	0.0	element_of	category	page
Systems_analysis	OODA_loop	pos_pageof_systems_anal	-1	0.6	element_of	category	page
Comedians	Policy_analysis	neg	-1	0.0	element_of	category	page
Nonlinear_systems	Social_complexity	pos_pageof_nonlinear_sy	-1	0.4	element_of	category	page
Public_toilets_automation	Reductionism	neg	-1	0.0	element_of	category	page
Holism	Theory_of_everything_(philosophy)	pos_pageof_holism	-1	0.2	element_of	category	page
Public_toilets_automation	Equation-free_modeling	neg	-1	0.0	element_of	category	page
Galaxies	Plithotaxis	neg	-1	0.0	element_of	category	page
Bifurcation_theory	Bogdanov–Takens_bifurcation	pos_pageof_bifurcation_	-1	1.0	element_of	category	page
Comedians	Hodgkin–Huxley_model	neg	-1	0.0	element_of	category	page
Feudalism	Entropic_gravity	neg	-1	0.0	element_of	category	page
Nonlinear_systems	Self-oscillation	pos_pageof_nonlinear_sy	-1	0.8	element_of	category	page
Galaxies	Empirical_dynamic_modeling	neg	-1	0.0	element_of	category	page
Tornado	Computational_irreducibility	neg	-1	0.0	element_of	category	page
Emergence	Darwin_among_the_Machines	pos_pageof_emergence	-1	0.2	element_of	category	page
Galaxies	Software_quality_assurance_analyst	neg	-1	0.0	element_of	category	page
Chess_openings	Exponential_integrate-and-fire	neg	-1	0.0	element_of	category	page
Public_toilets_automation	Systems_modeling	neg	-1	0.0	element_of	category	page
Comedians	Wave_turbulence	neg	-1	0.0	element_of	category	page
Feudalism	Transdisciplinarity	neg	-1	0.0	element_of	category	page
Tornado	NeSSI	neg	-1	0.0	element_of	category	page
Emergence	Theory_of_narrative_thought	pos_pageof_emergence	-1	0.2	element_of	category	page
Chess_openings	Krylov–Bogolyubov_theorem	neg	-1	0.0	element_of	category	page
Chess_openings	Entropic_gravity	neg	-1	0.0	element_of	category	page
Holism	Transcendental_humanism	pos_pageof_holism	-1	0.2	element_of	category	page
1978_albums	Ergodic_sequence	neg	-1	0.0	element_of	category	page
Bifurcation_theory	Feigenbaum_constants	pos_pageof_bifurcation_	-1	1.0	element_of	category	page
Galaxies	Data-flow_diagram	neg	-1	0.0	element_of	category	page
Systems_analysis	Data-flow_diagram	pos_pageof_systems_anal	-1	0.8	element_of	category	page
Feudalism	Spiral_wave	neg	-1	0.0	element_of	category	page
Chess_openings	Shlaer–Mellor_method	neg	-1	0.0	element_of	category	page
Feudalism	Structured_systems_analysis_and_design_method	neg	-1	0.0	element_of	category	page
Television_stations	Emergent_materialism	neg	-1	0.0	element_of	category	page
Systems_analysis	First_Conference_on_Scientific_Organization_of_Labour	pos_pageof_systems_anal	-1	0.2	element_of	category	page
Emergence	Force_chain	pos_pageof_emergence	-1	0.6	element_of	category	page
1978_albums	Linear_flow_on_the_torus	neg	-1	0.0	element_of	category	page
1978_albums	Statistical_finance	neg	-1	0.0	element_of	category	page
Nonlinear_systems	Bifurcation_theory	pos_pageof_nonlinear_sy	-1	1.0	element_of	category	page
Emergence	Infinite_compositions_of_analytic_functions	pos_pageof_emergence	-1	0.2	element_of	category	page
Nonlinear_systems	Traveling-wave_parametric_amplifier	pos_pageof_nonlinear_sy	-1	0.6	element_of	category	page
Chess_openings	Arithmetic_combinatorics	neg	-1	0.0	element_of	category	page
Medieval_knights	Dense_heterarchy	neg	-1	0.0	element_of	category	page
1978_albums	Dense_heterarchy	neg	-1	0.0	element_of	category	page
Bifurcation_theory	Infinite-period_bifurcation	pos_pageof_bifurcation_	-1	0.8	element_of	category	page
Television_stations	Structured_programming	neg	-1	0.0	element_of	category	page
Television_stations	Holon_(sculpture)	neg	-1	0.0	element_of	category	page
Television_stations	Enactivism	neg	-1	0.0	element_of	category	page
1978_albums	Darwin_among_the_Machines	neg	-1	0.0	element_of	category	page
Cooking	Interactional_linguistics	neg	-1	0.0	element_of	category	page
Ergodic_theory	No-wandering-domain_theorem	pos_pageof_ergodic_theo	-1	0.8	element_of	category	page
Nonlinear_systems	Resonant_interaction	pos_pageof_nonlinear_sy	-1	0.6	element_of	category	page
Chess_openings	Social_neuroscience	neg	-1	0.0	element_of	category	page
Public_toilets_automation	Holism_and_Evolution	neg	-1	0.0	element_of	category	page
Galaxies	Stakeholder_analysis	neg	-1	0.0	element_of	category	page
Holism	Wholistic_reference	pos_pageof_holism	-1	0.2	element_of	category	page
1978_albums	Analytic_hierarchy_process	neg	-1	0.0	element_of	category	page
Public_toilets_automation	N2_chart	neg	-1	0.0	element_of	category	page
Systems_analysis	PDCA	pos_pageof_systems_anal	-1	0.8	element_of	category	page
Galaxies	CFA_Loop	neg	-1	0.0	element_of	category	page
Tornado	Emergent_algorithm	neg	-1	0.0	element_of	category	page
Public_toilets_automation	Ellis–Numakura_lemma	neg	-1	0.0	element_of	category	page
Ergodic_theory	Hadamard's_dynamical_system	pos_pageof_ergodic_theo	-1	0.8	element_of	category	page
Galaxies	Global_brain	neg	-1	0.0	element_of	category	page
Holism	Holomovement	pos_pageof_holism	-1	0.4	element_of	category	page
Comedians	Hadamard's_dynamical_system	neg	-1	0.0	element_of	category	page
Public_toilets_automation	Steady_change	neg	-1	0.0	element_of	category	page
Cooking	STAR_model	neg	-1	0.0	element_of	category	page
Feudalism	Infinite_compositions_of_analytic_functions	neg	-1	0.0	element_of	category	page
Television_stations	Conservative_system	neg	-1	0.0	element_of	category	page
Nonlinear_systems	Chaos_communications	pos_pageof_nonlinear_sy	-1	0.6	element_of	category	page
Nonlinear_systems	Nonlinear_acoustics	pos_pageof_nonlinear_sy	-1	0.6	element_of	category	page
Nonlinear_systems	Crisis_(dynamical_systems)	pos_pageof_nonlinear_sy	-1	0.8	element_of	category	page
Comedians	Bifurcation_theory	neg	-1	0.0	element_of	category	page
1978_albums	The_Evolution_of_Cooperation	neg	-1	0.0	element_of	category	page
Galaxies	Equidistribution_theorem	neg	-1	0.0	element_of	category	page
Feudalism	Topological_entropy	neg	-1	0.0	element_of	category	page
Feudalism	Mixing_(mathematics)	neg	-1	0.0	element_of	category	page
Tornado	Markov_odometer	neg	-1	0.0	element_of	category	page
Systems_analysis	Problem_frames_approach	pos_pageof_systems_anal	-1	0.8	element_of	category	page
Feudalism	Synergistic_system	neg	-1	0.0	element_of	category	page
Cooking	Sphoṭa	neg	-1	0.0	element_of	category	page
Nonlinear_systems	Pyragas_method	pos_pageof_nonlinear_sy	-1	0.8	element_of	category	page
Medieval_knights	Prancercise	neg	-1	0.0	element_of	category	page
Public_toilets_automation	Social_cognitive_neuroscience	neg	-1	0.0	element_of	category	page
Feudalism	Pyragas_method	neg	-1	0.0	element_of	category	page
Ergodic_theory	Equidistributed_sequence	pos_pageof_ergodic_theo	-1	0.8	element_of	category	page
Public_toilets_automation	Living_technology	neg	-1	0.0	element_of	category	page
Ergodic_theory	Conservative_system	pos_pageof_ergodic_theo	-1	0.8	element_of	category	page
Emergence	Computational_irreducibility	pos_pageof_emergence	-1	0.6	element_of	category	page
Chess_openings	Blue_sky_catastrophe	neg	-1	0.0	element_of	category	page
Television_stations	Dynamic_fluid_film_equations	neg	-1	0.0	element_of	category	page
Feudalism	Traveling-wave_parametric_amplifier	neg	-1	0.0	element_of	category	page
Public_toilets_automation	Ecology	neg	-1	0.0	element_of	category	page
Television_stations	Internet_traffic_engineering	neg	-1	0.0	element_of	category	page
Holism	Holism_and_Evolution	pos_pageof_holism	-1	0.8	element_of	category	page
Ergodic_theory	Syndetic_set	pos_pageof_ergodic_theo	-1	0.8	element_of	category	page
Television_stations	The_Evolution_of_Cooperation	neg	-1	0.0	element_of	category	page
1978_albums	Ideal_observer_theory	neg	-1	0.0	element_of	category	page
Chess_openings	Integrative_level	neg	-1	0.0	element_of	category	page
Medieval_knights	Social_cognitive_neuroscience	neg	-1	0.0	element_of	category	page
Medieval_knights	No-wandering-domain_theorem	neg	-1	0.0	element_of	category	page
Television_stations	Failure_mode_and_effects_analysis	neg	-1	0.0	element_of	category	page
Emergence	Swarm_(simulation)	pos_pageof_emergence	-1	0.6	element_of	category	page
Ergodic_theory	Thick_set	pos_pageof_ergodic_theo	-1	0.8	element_of	category	page
Cooking	Subshift_of_finite_type	neg	-1	0.0	element_of	category	page
Comedians	Steady_change	neg	-1	0.0	element_of	category	page
1978_albums	Composite_gravity	neg	-1	0.0	element_of	category	page
Television_stations	Manumation	neg	-1	0.0	element_of	category	page
Holism	Gestalt_psychology	pos_pageof_holism	-1	0.8	element_of	category	page
Chess_openings	Kingman's_subadditive_ergodic_theorem	neg	-1	0.0	element_of	category	page
Cooking	Oseledets_theorem	neg	-1	0.0	element_of	category	page
Chess_openings	Symmetry-protected_topological_order	neg	-1	0.0	element_of	category	page
1978_albums	Holon_(philosophy)	neg	-1	0.0	element_of	category	page
Holism	Holon_(philosophy)	pos_pageof_holism	-1	0.8	element_of	category	page
Television_stations	Function_(computer_programming)	neg	-1	0.0	element_of	category	page
Emergence	Price_point	pos_pageof_emergence	-1	0.0	element_of	category	page
Public_toilets_automation	Organicism	neg	-1	0.0	element_of	category	page
Emergence	Personality_systematics	pos_pageof_emergence	-1	0.2	element_of	category	page
Systems_analysis	Ultra-large-scale_systems	pos_pageof_systems_anal	-1	0.8	element_of	category	page
Galaxies	N2_chart	neg	-1	0.0	element_of	category	page
Feudalism	Wave_turbulence	neg	-1	0.0	element_of	category	page
Tornado	Normal_form_(dynamical_systems)	neg	-1	0.0	element_of	category	page
Chess_openings	The_Ghost_in_the_Machine	neg	-1	0.0	element_of	category	page
Comedians	Structure_chart	neg	-1	0.0	element_of	category	page
Galaxies	Implicate_and_explicate_order	neg	-1	0.0	element_of	category	page
1978_albums	Theory_of_narrative_thought	neg	-1	0.0	element_of	category	page
1978_albums	Ergodic_process	neg	-1	0.0	element_of	category	page
1978_albums	NeSSI	neg	-1	0.0	element_of	category	page
Galaxies	Manumation	neg	-1	0.0	element_of	category	page
Feudalism	IP_set	neg	-1	0.0	element_of	category	page
Television_stations	Health_web_science	neg	-1	0.0	element_of	category	page
Television_stations	Topological_entropy	neg	-1	0.0	element_of	category	page
Comedians	Analytic_hierarchy_process	neg	-1	0.0	element_of	category	page
Public_toilets_automation	Nonlinear_system_identification	neg	-1	0.0	element_of	category	page
Medieval_knights	Biocomplexity	neg	-1	0.0	element_of	category	page
Comedians	Systems_analysis	neg	-1	0.0	element_of	category	page
Medieval_knights	Heteroclinic_bifurcation	neg	-1	0.0	element_of	category	page
Cooking	Ergodic_theory	neg	-1	0.0	element_of	category	page
Galaxies	Health_web_science	neg	-1	0.0	element_of	category	page
Cooking	Composite_gravity	neg	-1	0.0	element_of	category	page
Bifurcation_theory	Blue_sky_catastrophe	pos_pageof_bifurcation_	-1	0.8	element_of	category	page
Feudalism	Nonlinear_system	neg	-1	0.0	element_of	category	page
Comedians	IP_set	neg	-1	0.0	element_of	category	page
Galaxies	OODA_loop	neg	-1	0.0	element_of	category	page
1978_albums	Normal_form_(dynamical_systems)	neg	-1	0.0	element_of	category	page
Public_toilets_automation	Maximising_measure	neg	-1	0.0	element_of	category	page
Tornado	Dispersive_partial_differential_equation	neg	-1	0.0	element_of	category	page
Feudalism	Structured_what-if_technique	neg	-1	0.0	element_of	category	page
Tornado	Diakoptics	neg	-1	0.0	element_of	category	page
Cooking	Axiom_A	neg	-1	0.0	element_of	category	page
Bifurcation_theory	Saddle-node_bifurcation	pos_pageof_bifurcation_	-1	1.0	element_of	category	page
Feudalism	Biological_applications_of_bifurcation_theory	neg	-1	0.0	element_of	category	page
Television_stations	Artificial_creation	neg	-1	0.0	element_of	category	page
Television_stations	DUAL_(cognitive_architecture)	neg	-1	0.0	element_of	category	page
Ergodic_theory	Quantum_ergodicity	pos_pageof_ergodic_theo	-1	0.8	element_of	category	page
Systems_analysis	Diakoptics	pos_pageof_systems_anal	-1	0.8	element_of	category	page
Nonlinear_systems	C0-semigroup	pos_pageof_nonlinear_sy	-1	0.6	element_of	category	page
1978_albums	Mixing_(mathematics)	neg	-1	0.0	element_of	category	page
1978_albums	Power_integrity	neg	-1	0.0	element_of	category	page
1978_albums	Transpartisan	neg	-1	0.0	element_of	category	page
Emergence	Integrative_level	pos_pageof_emergence	-1	0.6	element_of	category	page
Comedians	Logico-linguistic_modeling	neg	-1	0.0	element_of	category	page
Comedians	Special_sciences	neg	-1	0.0	element_of	category	page
Tornado	Modular_design	neg	-1	0.0	element_of	category	page
Television_stations	System_integration	neg	-1	0.0	element_of	category	page
Nonlinear_systems	Theta_model	pos_pageof_nonlinear_sy	-1	0.6	element_of	category	page
Cooking	Ergodic_process	neg	-1	0.0	element_of	category	page
Comedians	Ratner's_theorems	neg	-1	0.0	element_of	category	page
Television_stations	Mixing_(physics)	neg	-1	0.0	element_of	category	page
Tornado	Chaotic_hysteresis	neg	-1	0.0	element_of	category	page
Public_toilets_automation	Holism_in_science	neg	-1	0.0	element_of	category	page
Galaxies	Krylov–Bogolyubov_theorem	neg	-1	0.0	element_of	category	page
Medieval_knights	Superorganism	neg	-1	0.0	element_of	category	page
Cooking	Additive_state_decomposition	neg	-1	0.0	element_of	category	page
Tornado	Piecewise_syndetic_set	neg	-1	0.0	element_of	category	page
Holism	Confirmation_holism	pos_pageof_holism	-1	0.6	element_of	category	page
Feudalism	Convergent_cross_mapping	neg	-1	0.0	element_of	category	page
Ergodic_theory	Rice's_formula	pos_pageof_ergodic_theo	-1	0.8	element_of	category	page
Feudalism	Rokhlin_lemma	neg	-1	0.0	element_of	category	page
Chess_openings	Feigenbaum_constants	neg	-1	0.0	element_of	category	page
Emergence	Transpartisan	pos_pageof_emergence	-1	0.0	element_of	category	page
Nonlinear_systems	Convergent_cross_mapping	pos_pageof_nonlinear_sy	-1	0.8	element_of	category	page
Ergodic_theory	Oseledets_theorem	pos_pageof_ergodic_theo	-1	0.8	element_of	category	page
1978_albums	List_of_nonlinear_ordinary_differential_equations	neg	-1	0.0	element_of	category	page
1978_albums	System_requirements_specification	neg	-1	0.0	element_of	category	page
Chess_openings	Maximal_ergodic_theorem	neg	-1	0.0	element_of	category	page
Public_toilets_automation	Arithmetic_combinatorics	neg	-1	0.0	element_of	category	page
Television_stations	Oseledets_theorem	neg	-1	0.0	element_of	category	page
Feudalism	Fundamental_domain	neg	-1	0.0	element_of	category	page
Medieval_knights	S._G._Dani	neg	-1	0.0	element_of	category	page
Nonlinear_systems	Nonlinear_system	pos_pageof_nonlinear_sy	-1	1.0	element_of	category	page
Holism	Prancercise	pos_pageof_holism	-1	0.0	element_of	category	page
Systems_analysis	Project_Neptune_(water_distribution_system)	pos_pageof_systems_anal	-1	0.6	element_of	category	page
Feudalism	Equidistributed_sequence	neg	-1	0.0	element_of	category	page
1978_albums	IDEF0	neg	-1	0.0	element_of	category	page
Television_stations	Ergodic_hypothesis	neg	-1	0.0	element_of	category	page
Cooking	Price_point	neg	-1	0.0	element_of	category	page
Cooking	Chaos_communications	neg	-1	0.0	element_of	category	page
Cooking	Wiener–Wintner_theorem	neg	-1	0.0	element_of	category	page
Television_stations	Transdisciplinarity	neg	-1	0.0	element_of	category	page
Medieval_knights	Holon_(philosophy)	neg	-1	0.0	element_of	category	page
Galaxies	System_context_diagram	neg	-1	0.0	element_of	category	page
Systems_analysis	Semantic_data_model	pos_pageof_systems_anal	-1	0.6	element_of	category	page
Medieval_knights	Social_complexity	neg	-1	0.0	element_of	category	page
Comedians	Bifurcation_diagram	neg	-1	0.0	element_of	category	page
Chess_openings	Kac's_lemma	neg	-1	0.0	element_of	category	page
Holism	Integral_theory	pos_pageof_holism	-1	0.6	element_of	category	page
Feudalism	Crisis_(dynamical_systems)	neg	-1	0.0	element_of	category	page
Comedians	Models_of_collaborative_tagging	neg	-1	0.0	element_of	category	page
Galaxies	Absorbing_barrier_(finance)	neg	-1	0.0	element_of	category	page
Ergodic_theory	Fermi–Pasta–Ulam–Tsingou_problem	pos_pageof_ergodic_theo	-1	0.8	element_of	category	page
Emergence	Emergence	pos_pageof_emergence	-1	1.0	element_of	category	page
Ergodic_theory	Kac's_lemma	pos_pageof_ergodic_theo	-1	0.8	element_of	category	page
Emergence	Social_epidemiology	pos_pageof_emergence	-1	0.4	element_of	category	page
Feudalism	Empirical_dynamic_modeling	neg	-1	0.0	element_of	category	page
Feudalism	Blue_sky_catastrophe	neg	-1	0.0	element_of	category	page
Emergence	Social_structure	pos_pageof_emergence	-1	0.4	element_of	category	page
Systems_analysis	Exchange_to_exchange	pos_pageof_systems_anal	-1	0.4	element_of	category	page
Public_toilets_automation	Exchange_to_exchange	neg	-1	0.0	element_of	category	page
Comedians	Global_brain	neg	-1	0.0	element_of	category	page
Comedians	Diakoptics	neg	-1	0.0	element_of	category	page
Systems_analysis	NeSSI	pos_pageof_systems_anal	-1	0.6	element_of	category	page
Chess_openings	Conservative_system	neg	-1	0.0	element_of	category	page
Emergence	Law,_Legislation_and_Liberty	pos_pageof_emergence	-1	0.2	element_of	category	page
Television_stations	DSRP	neg	-1	0.0	element_of	category	page
Public_toilets_automation	Work_systems	neg	-1	0.0	element_of	category	page
Cooking	Bifurcation_diagram	neg	-1	0.0	element_of	category	page
Cooking	Gestalt_psychology	neg	-1	0.0	element_of	category	page
Bifurcation_theory	Pitchfork_bifurcation	pos_pageof_bifurcation_	-1	1.0	element_of	category	page
Public_toilets_automation	Communalness	neg	-1	0.0	element_of	category	page
Public_toilets_automation	Artificial_creation	neg	-1	0.0	element_of	category	page
Public_toilets_automation	Normal_form_(dynamical_systems)	neg	-1	0.0	element_of	category	page
1978_albums	Hodgkin–Huxley_model	neg	-1	0.0	element_of	category	page
Emergence	Special_sciences	pos_pageof_emergence	-1	0.6	element_of	category	page
Nonlinear_systems	Three-wave_equation	pos_pageof_nonlinear_sy	-1	0.6	element_of	category	page
Emergence	Credibility_thesis	pos_pageof_emergence	-1	0.0	element_of	category	page
Ergodic_theory	Ergodicity	pos_pageof_ergodic_theo	-1	1.0	element_of	category	page
Systems_analysis	Context_model	pos_pageof_systems_anal	-1	0.6	element_of	category	page
Emergence	Stochastic_electrodynamics	pos_pageof_emergence	-1	0.2	element_of	category	page
Nonlinear_systems	Empirical_dynamic_modeling	pos_pageof_nonlinear_sy	-1	0.6	element_of	category	page
Comedians	Dense_heterarchy	neg	-1	0.0	element_of	category	page
Galaxies	Confirmation_holism	neg	-1	0.0	element_of	category	page
Television_stations	Empirical_dynamic_modeling	neg	-1	0.0	element_of	category	page
Bifurcation_theory	Catastrophe_theory	pos_pageof_bifurcation_	-1	0.8	element_of	category	page
Bifurcation_theory	Transcritical_bifurcation	pos_pageof_bifurcation_	-1	1.0	element_of	category	page
Medieval_knights	DSRP	neg	-1	0.0	element_of	category	page
Systems_analysis	Logico-linguistic_modeling	pos_pageof_systems_anal	-1	0.6	element_of	category	page
Chess_openings	STAR_model	neg	-1	0.0	element_of	category	page
Ergodic_theory	Maximising_measure	pos_pageof_ergodic_theo	-1	0.8	element_of	category	page
Feudalism	Duality_(CoPs)	neg	-1	0.0	element_of	category	page
Feudalism	Thomas'_cyclically_symmetric_attractor	neg	-1	0.0	element_of	category	page
Chess_openings	Bifurcation_memory	neg	-1	0.0	element_of	category	page
Holism	Process_philosophy	pos_pageof_holism	-1	0.6	element_of	category	page
Television_stations	No-wandering-domain_theorem	neg	-1	0.0	element_of	category	page
Feudalism	Abelian_sandpile_model	neg	-1	0.0	element_of	category	page
Galaxies	Gestalt_psychology	neg	-1	0.0	element_of	category	page
Ergodic_theory	Absorbing_barrier_(finance)	pos_pageof_ergodic_theo	-1	0.4	element_of	category	page
Tornado	Enactivism	neg	-1	0.0	element_of	category	page
Television_stations	Holomovement	neg	-1	0.0	element_of	category	page
Bifurcation_theory	Normal_form_(dynamical_systems)	pos_pageof_bifurcation_	-1	0.8	element_of	category	page
Emergence	Communalness	pos_pageof_emergence	-1	0.0	element_of	category	page
Chess_openings	Function_(computer_programming)	neg	-1	0.0	element_of	category	page
Emergence	Internet_traffic_engineering	pos_pageof_emergence	-1	0.4	element_of	category	page
Ergodic_theory	Ergodic_hypothesis	pos_pageof_ergodic_theo	-1	1.0	element_of	category	page
Comedians	Work_systems	neg	-1	0.0	element_of	category	page
Bifurcation_theory	Biological_applications_of_bifurcation_theory	pos_pageof_bifurcation_	-1	0.4	element_of	category	page
Cooking	Semantic_data_model	neg	-1	0.0	element_of	category	page
Emergence	Composite_gravity	pos_pageof_emergence	-1	0.2	element_of	category	page
Systems_analysis	IDEF1X	pos_pageof_systems_anal	-1	0.6	element_of	category	page
Systems_analysis	Business_analysis	pos_pageof_systems_anal	-1	0.8	element_of	category	page
Television_stations	Ornstein_isomorphism_theorem	neg	-1	0.0	element_of	category	page
Comedians	IDEF5	neg	-1	0.0	element_of	category	page
Feudalism	Duhem–Quine_thesis	neg	-1	0.0	element_of	category	page
Galaxies	IDEF0	neg	-1	0.0	element_of	category	page
Galaxies	Layered_system	neg	-1	0.0	element_of	category	page
Galaxies	Strong_emergence	neg	-1	0.0	element_of	category	page
Feudalism	Exponential_integrate-and-fire	neg	-1	0.0	element_of	category	page
Comedians	Holism_in_science	neg	-1	0.0	element_of	category	page
Bifurcation_theory	Bifurcation_theory	pos_pageof_bifurcation_	-1	1.0	element_of	category	page
Television_stations	Management_cybernetics	neg	-1	0.0	element_of	category	page
1978_albums	Emergent_evolution	neg	-1	0.0	element_of	category	page
Public_toilets_automation	Excitable_medium	neg	-1	0.0	element_of	category	page
Comedians	Hysteresis	neg	-1	0.0	element_of	category	page
Chess_openings	IDEF3	neg	-1	0.0	element_of	category	page
Comedians	Holon_(sculpture)	neg	-1	0.0	element_of	category	page
Television_stations	Saddle-node_bifurcation	neg	-1	0.0	element_of	category	page
Galaxies	Volume_entropy	neg	-1	0.0	element_of	category	page
Feudalism	Ergodic_Ramsey_theory	neg	-1	0.0	element_of	category	page
1978_albums	Induced_gravity	neg	-1	0.0	element_of	category	page
Tornado	Heteroclinic_bifurcation	neg	-1	0.0	element_of	category	page
Holism	Emergent_evolution	pos_pageof_holism	-1	0.8	element_of	category	page
Systems_analysis	Thomas_Avinger	pos_pageof_systems_anal	-1	0.0	element_of	category	page
Chess_openings	Kuramoto–Sivashinsky_equation	neg	-1	0.0	element_of	category	page
Public_toilets_automation	Interactional_linguistics	neg	-1	0.0	element_of	category	page
1978_albums	Exchange_to_exchange	neg	-1	0.0	element_of	category	page
Cooking	Poincaré_recurrence_theorem	neg	-1	0.0	element_of	category	page
Feudalism	Classical_limit	neg	-1	0.0	element_of	category	page
1978_albums	Health_web_science	neg	-1	0.0	element_of	category	page
Tornado	Systems_analysis	neg	-1	0.0	element_of	category	page
Cooking	Pitchfork_bifurcation	neg	-1	0.0	element_of	category	page
Chess_openings	Theory_of_narrative_thought	neg	-1	0.0	element_of	category	page
Nonlinear_systems	Limit_cycle	pos_pageof_nonlinear_sy	-1	0.8	element_of	category	page
Medieval_knights	Trophic_function	neg	-1	0.0	element_of	category	page
Emergence	Classical_limit	pos_pageof_emergence	-1	0.2	element_of	category	page
Television_stations	Rice's_formula	neg	-1	0.0	element_of	category	page
Cooking	Institute_for_Complex_Adaptive_Matter	neg	-1	0.0	element_of	category	page
Cooking	Sinai–Ruelle–Bowen_measure	neg	-1	0.0	element_of	category	page
Galaxies	Orthopathy	neg	-1	0.0	element_of	category	page
Systems_analysis	Software_quality_assurance_analyst	pos_pageof_systems_anal	-1	0.4	element_of	category	page
Galaxies	Entropic_gravity	neg	-1	0.0	element_of	category	page
Chess_openings	Ergodicity	neg	-1	0.0	element_of	category	page
Comedians	Structured_programming	neg	-1	0.0	element_of	category	page
Television_stations	Law,_Legislation_and_Liberty	neg	-1	0.0	element_of	category	page
Holism	Sphoṭa	pos_pageof_holism	-1	0.0	element_of	category	page
Holism	Function_(computer_programming)	pos_pageof_holism	-1	0.2	element_of	category	page
Emergence	DUAL_(cognitive_architecture)	pos_pageof_emergence	-1	0.6	element_of	category	page
Nonlinear_systems	List_of_nonlinear_ordinary_differential_equations	pos_pageof_nonlinear_sy	-1	0.8	element_of	category	page
Systems_analysis	Functional_flow_block_diagram	pos_pageof_systems_anal	-1	0.8	element_of	category	page
1978_albums	Autowave	neg	-1	0.0	element_of	category	page
Feudalism	Failure_mode_and_effects_analysis	neg	-1	0.0	element_of	category	page
Galaxies	Quantum_ergodicity	neg	-1	0.0	element_of	category	page
Chess_openings	Antireductionism	neg	-1	0.0	element_of	category	page
1978_albums	Kingman's_subadditive_ergodic_theorem	neg	-1	0.0	element_of	category	page
Tornado	Stochastic_electrodynamics	neg	-1	0.0	element_of	category	page
Chess_openings	Ergodic_flow	neg	-1	0.0	element_of	category	page
Medieval_knights	IDEF3	neg	-1	0.0	element_of	category	page
Tornado	Feigenbaum_constants	neg	-1	0.0	element_of	category	page
Television_stations	Control-flow_diagram	neg	-1	0.0	element_of	category	page
Cooking	Kingman's_subadditive_ergodic_theorem	neg	-1	0.0	element_of	category	page
Television_stations	Coupled_map_lattice	neg	-1	0.0	element_of	category	page
Holism	Synergetics_(Haken)	pos_pageof_holism	-1	0.8	element_of	category	page
Galaxies	Hysteresis	neg	-1	0.0	element_of	category	page
Television_stations	Biological_organisation	neg	-1	0.0	element_of	category	page
Medieval_knights	Analytic_hierarchy_process	neg	-1	0.0	element_of	category	page
Feudalism	System_requirements_specification	neg	-1	0.0	element_of	category	page
Holism	Global_brain	pos_pageof_holism	-1	0.2	element_of	category	page
Public_toilets_automation	First_Conference_on_Scientific_Organization_of_Labour	neg	-1	0.0	element_of	category	page
Cooking	Bifurcation_memory	neg	-1	0.0	element_of	category	page
Bifurcation_theory	Spatial_bifurcation	pos_pageof_bifurcation_	-1	0.8	element_of	category	page
