pair_id	corpus	graph_view	account	branch_id	branch_title	source_tree_ids	source_record_count	descendant_id	descendant_title	descendant_title_aliases	descendant_normalized_title	ancestor_id	ancestor_title	ancestor_title_aliases	ancestor_normalized_title	hop	descendant_raw_title	descendant_title_audit_action	descendant_canonical_identity	ancestor_raw_title	ancestor_title_audit_action	ancestor_canonical_identity
pearltrees-h1-0000	pearltrees	principal_path_lineage	s243a	11820376	2 - root node (my real tree Pearl Trees Version 1.0)	11101424	1	11101424	Technology Science & Engineering Forums	"[""Technology Science &amp; Engineering Forums""]"	technology science & engineering forums	11101419	forums	[]	forums	1	Technology Science & Engineering Forums	raw	technology science & engineering forums	forums	raw	forums
pearltrees-h1-0001	pearltrees	principal_path_lineage	s243a	10908045	3D Printing	15768543	1	15768543	Building a Computer (How to)	[]	building a computer (how to)	10908042	Manufacturing Technology	[]	manufacturing technology	1	Building a Computer (How to)	raw	building a computer (how to)	Manufacturing Technology	raw	manufacturing technology
pearltrees-h1-0002	pearltrees	principal_path_lineage	s243a	69093604	Aluminum combustion	69093684	1	69093684	Twin Towers & Aluminum combustion	"[""Twin Towers &amp; Aluminum combustion""]"	twin towers & aluminum combustion	69093604	Aluminum combustion	[]	aluminum combustion	1	Twin Towers & Aluminum combustion	raw	twin towers & aluminum combustion	Aluminum combustion	raw	aluminum combustion
pearltrees-h1-0003	pearltrees	principal_path_lineage	s243a	10455430	Animal Farm	11728046	1	11728045	Anti-Democratic Think Tank Positions	[]	anti-democratic think tank positions	11728008	Power & Motivation (Political Philosophy)	[]	power & motivation (political philosophy)	1	Anti-Democractic Think Tank Positions	corrected	anti-democratic think tank positions	Power & Motivation (Political Philosophy)	raw	power & motivation (political philosophy)
pearltrees-h1-0004	pearltrees	principal_path_lineage	s243a	10646352	Antenna	11495604	1	11495604	Holonomic system	[]	holonomic system	11495603	Constraints (Classical Mechanics)	[]	constraints (classical mechanics)	1	Holonomic system	raw	holonomic system	Constraints (Clasical Mechanics)	corrected	constraints (classical mechanics)
pearltrees-h1-0005	pearltrees	principal_path_lineage	s243a	10489980	Apocalyptic Fiction	66164446	1	11263727	Dystopic Fiction	[]	dystopic fiction	10489978	Fiction	[]	fiction	1	Dystopic Fiction	raw	dystopic fiction	Fiction	raw	fiction
pearltrees-h1-0006	pearltrees	principal_path_lineage	s243a	10658342	Artificial Intelligence	81150192	1	81150191	The Business of Artificial Intelligence	[]	the business of artificial intelligence	10658342	Artificial Intelligence	[]	artificial intelligence	1	The Business of Artificial Intelligence	raw	the business of artificial intelligence	Artificial Intelligence	raw	artificial intelligence
pearltrees-h1-0007	pearltrees	principal_path_lineage	s243a	10455231	Bitcoin 2.0	10628300	1	10628300	Roundtripping	[]	roundtripping	10628297	Accounting Manipulation Schemes	[]	accounting manipulation schemes	1	Roundtripping	raw	roundtripping	Accounting Manipulation Schemes	raw	accounting manipulation schemes
pearltrees-h1-0008	pearltrees	principal_path_lineage	s243a	10490508	Byfracating legislation & lichpins	10490516	1	10490516	We the corporations	[]	we the corporations	10490508	Byfracating legislation & lichpins	[]	byfracating legislation & lichpins	1	We the corperations	corrected	we the corporations	Byfracating legislation & lichpins	raw	byfracating legislation & lichpins
pearltrees-h1-0009	pearltrees	principal_path_lineage	s243a	60480986	Cognition	76144475,81305419	2	76144475	Learning	[]	learning	60480986	Cognition	[]	cognition	1	Learning	raw	learning	Cognition	raw	cognition
pearltrees-h1-0010	pearltrees	principal_path_lineage	s243a	10892135	copyright	10391146	1	10391146	news.EFF.Patent	"[""News.EFF.Patent""]"	news.eff.patent	11207530	Intellectual Property	[]	intellectual property	1	news.EFF.Patent	raw	news.eff.patent	Intelectual Property	corrected	intellectual property
pearltrees-h1-0011	pearltrees	principal_path_lineage	s243a	10518894	Corruption & Retribution	10556392	1	10556392	Alleged Monsanto Connections	[]	alleged monsanto connections	10556389	Monsanto	[]	monsanto	1	Alleged Monsanto Connections	raw	alleged monsanto connections	Monsanto	raw	monsanto
pearltrees-h1-0012	pearltrees	principal_path_lineage	s243a	10459350	Darknet & The Deep Web	10517704	1	10517701	Big Brother Govs & Corps (Books)	[]	big brother govs & corps (books)	10494970	Corporate Privacy attacks	[]	corporate privacy attacks	1	Big Brother Govs & Corps (Books)	raw	big brother govs & corps (books)	Corporate Privacy attacks	raw	corporate privacy attacks
pearltrees-h1-0013	pearltrees	principal_path_lineage	s243a	23549372	Datascience (puppylinux)	23562907	1	23562907	Geography (Puppylinux)	[]	geography (puppylinux)	23549372	Datascience (puppylinux)	[]	datascience (puppylinux)	1	Geography (Puppylinux)	raw	geography (puppylinux)	Datascience (puppylinux)	raw	datascience (puppylinux)
pearltrees-h1-0014	pearltrees	principal_path_lineage	s243a	72195805	Deontology (AKA Deontological ethics)	72196816	1	72196816	Kantianism	[]	kantianism	72195805	Deontology (AKA Deontological ethics)	[]	deontology (aka deontological ethics)	1	Kantianism	raw	kantianism	Deontology (AKA Deontological ethics)	raw	deontology (aka deontological ethics)
pearltrees-h1-0015	pearltrees	principal_path_lineage	s243a	10490022	Education	8388835	1	11423696	Education by other Pearlers	[]	education by other pearlers	10490022	Education	[]	education	1	Education by other Pearlers	raw	education by other pearlers	Education	raw	education
pearltrees-h1-0016	pearltrees	principal_path_lineage	s243a	10390752	ethics	10524391,10586002,10757738,10757758,10761044,11088198,11262653,11395179,14876580,15641967,15642064	11	10543559	Theories of Influence	[]	theories of influence	10541948	Social Control	[]	social control	1	Theories of Influence	raw	theories of influence	Social Control	raw	social control
pearltrees-h1-0017	pearltrees	principal_path_lineage	s243a	10369724	eyes-symbols-history-s243a	12613895	1	12613895	Criticism of religion	[]	criticism of religion	10370051	Religion	[]	religion	1	Criticism of relegion	corrected	criticism of religion	Relegion	corrected	religion
pearltrees-h1-0018	pearltrees	principal_path_lineage	s243a	10343209	FBI-history-s243a	15102179	1	10950335	Keeping Down Black Power	[]	keeping down black power	10600494	Counter-activism & Counter-Revolutions	[]	counter-activism & counter-revolutions	1	Keeping Down Black Power	raw	keeping down black power	Counter-activism & Counter-Revolutions	raw	counter-activism & counter-revolutions
pearltrees-h1-0019	pearltrees	principal_path_lineage	s243a	10489978	Fiction	66164325	1	66164325	Apocalyptic novels	[]	apocalyptic novels	10489980	Apocalyptic Fiction	[]	apocalyptic fiction	1	Apocalyptic novels	raw	apocalyptic novels	Apocalyptic Fiction	raw	apocalyptic fiction
pearltrees-h1-0020	pearltrees	principal_path_lineage	s243a	10518564	Genocide	13691481	1	11743387	Genocides & Holocausts	[]	genocides & holocausts	10518564	Genocide	[]	genocide	1	Genocides & Holocausts	raw	genocides & holocausts	Genocide	raw	genocide
pearltrees-h1-0021	pearltrees	principal_path_lineage	s243a	10646429	geopolitics	10904768	1	10904768	Geo Politics	[]	geo politics	10399693	policy	[]	policy	1	Geo Politics	raw	geo politics	policy	raw	policy
pearltrees-h1-0022	pearltrees	principal_path_lineage	s243a	10371461	Gods of Earth and Nature	10371330	1	10371330	Symbols of Satanism (Documentary)	[]	symbols of satanism (documentary)	10369724	eyes-symbols-history-s243a	[]	eyes-symbols-history-s243a	1	Symbols of Satinism (Documentary)	corrected	symbols of satanism (documentary)	eyes-symbols-history-s243a	raw	eyes-symbols-history-s243a
pearltrees-h1-0023	pearltrees	principal_path_lineage	s243a	10323424	groups	10425296	1	10425297	Torture	[]	torture	10388463	clandestine	[]	clandestine	1	Torture	raw	torture	clandestine	raw	clandestine
pearltrees-h1-0024	pearltrees	principal_path_lineage	s243a	10390869	History by Region / place	10741831,11446295,11746501,15698962	4	10676482	Poverty	[]	poverty	10455187	Social Sciences	[]	social sciences	1	Poverty	raw	poverty	Social Sciences	raw	social sciences
pearltrees-h1-0025	pearltrees	principal_path_lineage	s243a	11257760	holocausts	12795827,14468099,14696442	3	11743368	The native American genocide/holocaust	[]	the native american genocide/holocaust	11257760	holocausts	[]	holocausts	1	The native American genocide/holocaust	raw	the native american genocide/holocaust	holocausts	raw	holocausts
pearltrees-h1-0026	pearltrees	principal_path_lineage	s243a	70315977	Human communication	70316192	1	70316192	Language	[]	language	70315977	Human communication	[]	human communication	1	Language	raw	language	Human communication	raw	human communication
pearltrees-h1-0027	pearltrees	principal_path_lineage	s243a	11636363	humanities & social sciences	11431022	1	11431022	psychology society	"[""Psychology society""]"	psychology society	10889076	society	[]	society	1	psychology society	raw	psychology society	society	raw	society
pearltrees-h1-0028	pearltrees	principal_path_lineage	s243a	10676595	integral	10516833	1	10516833	Probability & Statistics	"[""Probability &amp; Statistics""]"	probability & statistics	10676595	integral	[]	integral	1	Probability & Statistics	raw	probability & statistics	integral	raw	integral
pearltrees-h1-0029	pearltrees	principal_path_lineage	s243a	10541842	Language, Literature & Other arts	12053776	1	12053776	emotions (language)	"[""Emotions (language)""]"	emotions (language)	10541842	Language, Literature & Other arts	[]	language, literature & other arts	1	emotions (language)	raw	emotions (language)	Language, Literature & Other arts	raw	language, literature & other arts
pearltrees-h1-0030	pearltrees	principal_path_lineage	s243a	10455428	Literary Portrayals of Totalitarianism	10455431	1	10455431	Preface to Animal Farm	[]	preface to animal farm	10455430	Animal Farm	[]	animal farm	1	Preface to Animal Farm	raw	preface to animal farm	Animal Farm	raw	animal farm
pearltrees-h1-0031	pearltrees	principal_path_lineage	s243a	11056503	Man in the MIddle	10769144	1	11056507	NSA & Man in the Middle	[]	nsa & man in the middle	11056503	Man in the MIddle	[]	man in the middle	1	NSA & Man in the Middle	raw	nsa & man in the middle	Man in the MIddle	raw	man in the middle
pearltrees-h1-0032	pearltrees	principal_path_lineage	s243a	10908042	Manufacturing Technology	75884776	1	75884776	3D bioprinting	[]	3d bioprinting	10908045	3D Printing	[]	3d printing	1	3D bioprinting	raw	3d bioprinting	3D Printing	raw	3d printing
pearltrees-h1-0033	pearltrees	principal_path_lineage	s243a	10391040	media	15670362	1	15670362	Dangerous Generalities	[]	dangerous generalities	10800288	Destructive Practices	[]	destructive practices	1	Dangerous Generalities	raw	dangerous generalities	Destructive Practices	raw	destructive practices
pearltrees-h1-0034	pearltrees	principal_path_lineage	s243a	52520927	Methodology (Formal Sciences)	52520985	1	52520985	Scientific method	[]	scientific method	52520927	Methodology (Formal Sciences)	[]	methodology (formal sciences)	1	Scientific method	raw	scientific method	Methodology (Formal Sciences)	raw	methodology (formal sciences)
pearltrees-h1-0035	pearltrees	principal_path_lineage	s243a	10381169	Mythology	10519858	1	10519858	Aleister Crowley by other Pearlers	[]	aleister crowley by other pearlers	10371507	Aleister Crowley	[]	aleister crowley	1	Aleister Crowley by other Pearlers	raw	aleister crowley by other pearlers	Aleister Crowley	raw	aleister crowley
pearltrees-h1-0036	pearltrees	principal_path_lineage	s243a	10390825	people	14942407	1	14942407	MPs (Canadian Politicians)	[]	mps (canadian politicians)	10543300	Canadian Politicians	[]	canadian politicians	1	MPs (Canadian Politicans)	corrected	mps (canadian politicians)	Canadian Politicians	raw	canadian politicians
pearltrees-h1-0037	pearltrees	principal_path_lineage	s243a	10390751	philosophy	14493998	1	14493998	memes -- blaming the poor	"[""Memes -- blaming the poor""]"	memes -- blaming the poor	10497439	Blaming the victim & Poverty	[]	blaming the victim & poverty	1	memes -- blaming the poor	raw	memes -- blaming the poor	Blaming the victim & Poverty	raw	blaming the victim & poverty
pearltrees-h1-0038	pearltrees	principal_path_lineage	s243a	10399690	Politics	14142445	1	14142445	The Raiding of the Commons	[]	the raiding of the commons	10821287	Trickle Up Welfare	[]	trickle up welfare	1	The Raiding of the Commons	raw	the raiding of the commons	Trickle Up Welfare	raw	trickle up welfare
pearltrees-h1-0039	pearltrees	principal_path_lineage	s243a	61837122	Problem behavior	61837175	1	61837175	Misconduct‎	[]	misconduct‎	61837122	Problem behavior	[]	problem behavior	1	Misconduct‎	raw	misconduct‎	Problem behavior	raw	problem behavior
pearltrees-h1-0040	pearltrees	principal_path_lineage	s243a	10995538	Republican Politics	15672311	1	15672311	Satire or Reality? (Right wing Madness)	[]	satire or reality? (right wing madness)	11549294	Republican Sideshows	[]	republican sideshows	1	Satire or Reality? (Right wing Madness)	raw	satire or reality? (right wing madness)	Republican Sideshows	raw	republican sideshows
pearltrees-h1-0041	pearltrees	principal_path_lineage	s243a	11549294	Republican Sideshows	14234218	1	10797473	The Social Security Debate	[]	the social security debate	10797464	American Politics	[]	american politics	1	The Social Security Debate	raw	the social security debate	American Politics	raw	american politics
pearltrees-h1-0042	pearltrees	principal_path_lineage	s243a	68982620	Safety‎	81342276	1	81342276	Security	[]	security	68982620	Safety‎	[]	safety‎	1	Security	raw	security	Safety‎	raw	safety‎
pearltrees-h1-0043	pearltrees	principal_path_lineage	s243a	10400867	Social Forces	15044166	1	15044166	Accountability	[]	accountability	10400867	Social Forces	[]	social forces	1	Acountability	corrected	accountability	Social Forces	raw	social forces
pearltrees-h1-0044	pearltrees	principal_path_lineage	s243a	10311488	Social Media	10658521	1	10658521	The Afghanistan Media	[]	the afghanistan media	10658520	Media in _ country	[]	media in country	1	The Afganastan Media	corrected	the afghanistan media	Media in _ country	raw	media in country
pearltrees-h1-0045	pearltrees	principal_path_lineage	s243a	10950002	Social Power	10950000,10950015	2	10949992	Types of power	[]	types of power	10950002	Social Power	[]	social power	1	Types of power	raw	types of power	Social Power	raw	social power
pearltrees-h1-0046	pearltrees	principal_path_lineage	s243a	10371821	Society	12155877	1	12155877	LOGO	[]	logo	12154082	TV Networks	[]	tv networks	1	LOGO	raw	logo	TV Networks	raw	tv networks
pearltrees-h1-0047	pearltrees	principal_path_lineage	s243a	10369712	symbols-history	10986539,11044343,1167286,14195928,3598416	5	10579331	Places	[]	places	10390869	History by Region / place	[]	history by region / place	1	Places	raw	places	History by Region / place	raw	history by region / place
pearltrees-h1-0048	pearltrees	principal_path_lineage	s243a	11727684	Technology, Engineering & Design	10031034,10380971,10388356,10388364,10516788,10789639,10797629,10976618,11110453,11676890,11839221,12318781,12324665,12466888,12531010,12948360,13565020,17658098,3928477,53344270,60340939,61533727,68961538,7178850,73599954,73899693,74973688,75009241,75009264,75009269,7512677,7708465,7739255,7739285,82448474	35	10380971	technology	"[""Technology""]"	technology	11727684	Technology, Engineering & Design	[]	technology, engineering & design	1	technology	raw	technology	Technology, Engineering & Design	raw	technology, engineering & design
pearltrees-h1-0049	pearltrees	principal_path_lineage	s243a	11027045	The Dividing of People's with lines on the map	14222863	1	14222863	The MOVE bombing	[]	the move bombing	11393591	The Militarization of the Police	[]	the militarization of the police	1	The MOVE bombing	raw	the move bombing	The Militerization of the Police	corrected	the militarization of the police
pearltrees-h2-0000	pearltrees	principal_path_lineage	s243a	11820376	2 - root node (my real tree Pearl Trees Version 1.0)	9285273	1	9285273	Wikipedia C	[]	wikipedia c	9285265	Wikipedia	[]	wikipedia	2	Wikipedia C	raw	wikipedia c	Wikipedia	raw	wikipedia
pearltrees-h2-0001	pearltrees	principal_path_lineage	s243a	10908045	3D Printing	15768543	1	15768543	Building a Computer (How to)	[]	building a computer (how to)	10908045	3D Printing	[]	3d printing	2	Building a Computer (How to)	raw	building a computer (how to)	3D Printing	raw	3d printing
pearltrees-h2-0002	pearltrees	principal_path_lineage	s243a	10455430	Animal Farm	11728089	1	11728089	Where Elite Unity Exists	[]	where elite unity exists	10455428	Literary Portrayals of Totalitarianism	[]	literary portrayals of totalitarianism	2	Where Elite Unity Exists	raw	where elite unity exists	Literary Portrayals of Totalitarianism	raw	literary portrayals of totalitarianism
pearltrees-h2-0003	pearltrees	principal_path_lineage	s243a	10646352	Antenna	11495604	1	11495603	Constraints (Classical Mechanics)	[]	constraints (classical mechanics)	10647426	Physics	[]	physics	2	Constraints (Clasical Mechanics)	corrected	constraints (classical mechanics)	Physics	raw	physics
pearltrees-h2-0004	pearltrees	principal_path_lineage	s243a	10489980	Apocalyptic Fiction	66164446	1	11263728	capitalism in Dystopic Fiction	[]	capitalism in dystopic fiction	10489978	Fiction	[]	fiction	2	capitalism in Dystopic Fiction	raw	capitalism in dystopic fiction	Fiction	raw	fiction
pearltrees-h2-0005	pearltrees	principal_path_lineage	s243a	10658342	Artificial Intelligence	11379949	1	11379949	Trends	[]	trends	10658342	Artificial Intelligence	[]	artificial intelligence	2	Trends	raw	trends	Artificial Intelligence	raw	artificial intelligence
pearltrees-h2-0006	pearltrees	principal_path_lineage	s243a	10455231	Bitcoin 2.0	69739167	1	69739167	Business process	[]	business process	10538786	Accounting	[]	accounting	2	Business process	raw	business process	Acounting	corrected	accounting
pearltrees-h2-0007	pearltrees	principal_path_lineage	s243a	60480986	Cognition	81305419	1	81305419	"""Pure"" Intelligence?"	"[""&quot;Pure&quot; Intelligence?""]"	"""pure"" intelligence?"	76144475	Learning	[]	learning	2	"""Pure"" Intelligence?"	raw	"""pure"" intelligence?"	Learning	raw	learning
pearltrees-h2-0008	pearltrees	principal_path_lineage	s243a	10892135	copyright	10391146	1	11207530	Intellectual Property	[]	intellectual property	10892135	copyright	[]	copyright	2	Intelectual Property	corrected	intellectual property	copyright	raw	copyright
pearltrees-h2-0009	pearltrees	principal_path_lineage	s243a	10518894	Corruption & Retribution	10870912	1	10622723	Conflict of interest	[]	conflict of interest	10518894	Corruption & Retribution	[]	corruption & retribution	2	Conflict of interest	raw	conflict of interest	Corruption & Retribution	raw	corruption & retribution
pearltrees-h2-0010	pearltrees	principal_path_lineage	s243a	10459350	Darknet & The Deep Web	10517704	1	10517704	Privacy in The Age of Big Data	[]	privacy in the age of big data	10494970	Corporate Privacy attacks	[]	corporate privacy attacks	2	Privacy in The Age of Big Data	raw	privacy in the age of big data	Corporate Privacy attacks	raw	corporate privacy attacks
pearltrees-h2-0011	pearltrees	principal_path_lineage	s243a	10490022	Education	14112246	1	14112246	Teaching to the test	[]	teaching to the test	10490022	Education	[]	education	2	Teaching to the test	raw	teaching to the test	Education	raw	education
pearltrees-h2-0012	pearltrees	principal_path_lineage	s243a	10390752	ethics	11730028	1	11730027	addiction	[]	addiction	10411186	Political Psychology	[]	political psychology	2	adiction	corrected	addiction	Political Psycology	corrected	political psychology
pearltrees-h2-0013	pearltrees	principal_path_lineage	s243a	10369724	eyes-symbols-history-s243a	11101525	1	11101523	Culture (Sociology)	[]	culture (sociology)	10370051	Religion	[]	religion	2	Culture (Sociology)	raw	culture (sociology)	Relegion	corrected	religion
pearltrees-h2-0014	pearltrees	principal_path_lineage	s243a	10343209	FBI-history-s243a	11153655,15102179,15664320	3	10600494	Counter-activism & Counter-Revolutions	[]	counter-activism & counter-revolutions	10343209	FBI-history-s243a	[]	fbi-history-s243a	2	Counter-activism & Counter-Revolutions	raw	counter-activism & counter-revolutions	FBI-history-s243a	raw	fbi-history-s243a
pearltrees-h2-0015	pearltrees	principal_path_lineage	s243a	10489978	Fiction	66164325	1	66164325	Apocalyptic novels	[]	apocalyptic novels	10489978	Fiction	[]	fiction	2	Apocalyptic novels	raw	apocalyptic novels	Fiction	raw	fiction
pearltrees-h2-0016	pearltrees	principal_path_lineage	s243a	10518564	Genocide	13691481	1	13691481	Cultural Genocide	[]	cultural genocide	10518564	Genocide	[]	genocide	2	Cultural Genocide	raw	cultural genocide	Genocide	raw	genocide
pearltrees-h2-0017	pearltrees	principal_path_lineage	s243a	10646429	geopolitics	10904768	1	10904768	Geo Politics	[]	geo politics	10646429	geopolitics	[]	geopolitics	2	Geo Politics	raw	geo politics	geopolitics	raw	geopolitics
pearltrees-h2-0018	pearltrees	principal_path_lineage	s243a	10371461	Gods of Earth and Nature	10371330	1	10371330	Symbols of Satanism (Documentary)	[]	symbols of satanism (documentary)	10369712	symbols-history	[]	symbols-history	2	Symbols of Satinism (Documentary)	corrected	symbols of satanism (documentary)	symbols-history	raw	symbols-history
pearltrees-h2-0019	pearltrees	principal_path_lineage	s243a	10323424	groups	15049310	1	15049310	Corporate Resistance to Spying	[]	corporate resistance to spying	10388463	clandestine	[]	clandestine	2	Corporate Resistance to Spying	raw	corporate resistance to spying	clandestine	raw	clandestine
pearltrees-h2-0020	pearltrees	principal_path_lineage	s243a	10390869	History by Region / place	10404820	1	10404820	Icelandic Geography	[]	icelandic geography	10410226	humanities	[]	humanities	2	Icelandic Geography	raw	icelandic geography	humanities	raw	humanities
pearltrees-h2-0021	pearltrees	principal_path_lineage	s243a	11257760	holocausts	12795827	1	12795827	The Indian Removal Act of 1830	[]	the indian removal act of 1830	11257760	holocausts	[]	holocausts	2	The Indian Removal Act of 1830	raw	the indian removal act of 1830	holocausts	raw	holocausts
pearltrees-h2-0022	pearltrees	principal_path_lineage	s243a	11636363	humanities & social sciences	11431022	1	11431022	psychology society	"[""Psychology society""]"	psychology society	11636363	humanities & social sciences	[]	humanities & social sciences	2	psychology society	raw	psychology society	humanities & social sciences	raw	humanities & social sciences
pearltrees-h2-0023	pearltrees	principal_path_lineage	s243a	10541842	Language, Literature & Other arts	10907895	1	10907889	English Nouns	[]	english nouns	10541842	Language, Literature & Other arts	[]	language, literature & other arts	2	English Nouns	raw	english nouns	Language, Literature & Other arts	raw	language, literature & other arts
pearltrees-h2-0024	pearltrees	principal_path_lineage	s243a	10455428	Literary Portrayals of Totalitarianism	10455431	1	10455431	Preface to Animal Farm	[]	preface to animal farm	10455428	Literary Portrayals of Totalitarianism	[]	literary portrayals of totalitarianism	2	Preface to Animal Farm	raw	preface to animal farm	Literary Portrayals of Totalitarianism	raw	literary portrayals of totalitarianism
pearltrees-h2-0025	pearltrees	principal_path_lineage	s243a	11056503	Man in the MIddle	10769144	1	10450406	NSA Programs	[]	nsa programs	11056503	Man in the MIddle	[]	man in the middle	2	NSA Programs	raw	nsa programs	Man in the MIddle	raw	man in the middle
pearltrees-h2-0026	pearltrees	principal_path_lineage	s243a	10908042	Manufacturing Technology	75884776	1	75884776	3D bioprinting	[]	3d bioprinting	10908042	Manufacturing Technology	[]	manufacturing technology	2	3D bioprinting	raw	3d bioprinting	Manufacturing Technology	raw	manufacturing technology
pearltrees-h2-0027	pearltrees	principal_path_lineage	s243a	10391040	media	12759321	1	12759321	1984 images	[]	1984 images	10646461	Collective Moods & dispositions	[]	collective moods & dispositions	2	1984 immages	corrected	1984 images	Collective Moods & dispositions	raw	collective moods & dispositions
pearltrees-h2-0028	pearltrees	principal_path_lineage	s243a	10381169	Mythology	10381200	1	10381200	Robert Graves	[]	robert graves	10369724	eyes-symbols-history-s243a	[]	eyes-symbols-history-s243a	2	Robert Graves	raw	robert graves	eyes-symbols-history-s243a	raw	eyes-symbols-history-s243a
pearltrees-h2-0029	pearltrees	principal_path_lineage	s243a	10390825	people	11864669	1	11864669	Alan Watts	[]	alan watts	10720378	philosophers	[]	philosophers	2	Alan Watts	raw	alan watts	philosophers	raw	philosophers
pearltrees-h2-0030	pearltrees	principal_path_lineage	s243a	10390751	philosophy	10510359,14493998	2	10455028	Blaming the Victim	[]	blaming the victim	10390751	philosophy	[]	philosophy	2	Blaming the Victum	corrected	blaming the victim	philosophy	raw	philosophy
pearltrees-h2-0031	pearltrees	principal_path_lineage	s243a	10399690	Politics	14142445	1	14142445	The Raiding of the Commons	[]	the raiding of the commons	10518185	The War on the Poor	[]	the war on the poor	2	The Raiding of the Commons	raw	the raiding of the commons	The War on the Poor	raw	the war on the poor
pearltrees-h2-0032	pearltrees	principal_path_lineage	s243a	10995538	Republican Politics	15672311	1	15672311	Satire or Reality? (Right wing Madness)	[]	satire or reality? (right wing madness)	10995538	Republican Politics	[]	republican politics	2	Satire or Reality? (Right wing Madness)	raw	satire or reality? (right wing madness)	Republican Politics	raw	republican politics
pearltrees-h2-0033	pearltrees	principal_path_lineage	s243a	11549294	Republican Sideshows	14234218	1	14234218	In Defense of Social Security	[]	in defense of social security	10797464	American Politics	[]	american politics	2	In Defense of Social Security	raw	in defense of social security	American Politics	raw	american politics
pearltrees-h2-0034	pearltrees	principal_path_lineage	s243a	10400867	Social Forces	8497408	1	8497408	Ancient Cultures	[]	ancient cultures	10400867	Social Forces	[]	social forces	2	Ancient Cultures	raw	ancient cultures	Social Forces	raw	social forces
pearltrees-h2-0035	pearltrees	principal_path_lineage	s243a	10311488	Social Media	10821231	1	10821231	The Century of The Self	[]	the century of the self	10391040	media	[]	media	2	The Century of The Self	raw	the century of the self	media	raw	media
pearltrees-h2-0036	pearltrees	principal_path_lineage	s243a	10950002	Social Power	10950015	1	10950015	Moral Power	[]	moral power	10950002	Social Power	[]	social power	2	Moral Power	raw	moral power	Social Power	raw	social power
pearltrees-h2-0037	pearltrees	principal_path_lineage	s243a	10371821	Society	10459336	1	10459336	The War on Science	[]	the war on science	10399704	war	[]	war	2	The War on Science	raw	the war on science	war	raw	war
pearltrees-h2-0038	pearltrees	principal_path_lineage	s243a	10369712	symbols-history	10986539,11044343,14195928	3	10719865	Asia	[]	asia	10390869	History by Region / place	[]	history by region / place	2	Asia	raw	asia	History by Region / place	raw	history by region / place
pearltrees-h2-0039	pearltrees	principal_path_lineage	s243a	11727684	Technology, Engineering & Design	10388356,10388364,10516788,10797629,11110453,11676890,11839221,12318781,12324665,12466888,12531010,12948360,13565020,17658098,53344270,60340939,61533727,7178850,73599954,73899693,74973688,75009241,75009264,75009269,7512677,7708465,7739255,7739285,82448474	29	10444105	Subjects of learning	[]	subjects of learning	11727684	Technology, Engineering & Design	[]	technology, engineering & design	2	Subjects of learning	raw	subjects of learning	Technology, Engineering & Design	raw	technology, engineering & design
pearltrees-h2-0040	pearltrees	principal_path_lineage	s243a	11027045	The Dividing of People's with lines on the map	12772376,14222863	2	11393591	The Militarization of the Police	[]	the militarization of the police	11027045	The Dividing of People's with lines on the map	[]	the dividing of people's with lines on the map	2	The Militerization of the Police	corrected	the militarization of the police	The Dividing of People's with lines on the map	raw	the dividing of people's with lines on the map
pearltrees-h2-0041	pearltrees	principal_path_lineage	s243a	11820376	2 - root node (my real tree Pearl Trees Version 1.0)	11101424	1	11101424	Technology Science & Engineering Forums	"[""Technology Science &amp; Engineering Forums""]"	technology science & engineering forums	11820376	2 - root node (my real tree Pearl Trees Version 1.0)	[]	2 - root node (my real tree pearl trees version 1.0)	2	Technology Science & Engineering Forums	raw	technology science & engineering forums	2 - root node (my real tree Pearl Trees Version 1.0)	raw	2 - root node (my real tree pearl trees version 1.0)
pearltrees-h2-0042	pearltrees	principal_path_lineage	s243a	10455430	Animal Farm	11728046,11728089	2	11728008	Power & Motivation (Political Philosophy)	[]	power & motivation (political philosophy)	10455430	Animal Farm	[]	animal farm	2	Power & Motivation (Political Philosophy)	raw	power & motivation (political philosophy)	Animal Farm	raw	animal farm
pearltrees-h2-0043	pearltrees	principal_path_lineage	s243a	10646352	Antenna	11495604	1	10647433	Electricity & Magnetism (Physics)	[]	electricity & magnetism (physics)	10646352	Antenna	[]	antenna	2	Electricity & Magnitism (Physics)	corrected	electricity & magnetism (physics)	Antenna	raw	antenna
pearltrees-h2-0044	pearltrees	principal_path_lineage	s243a	10489980	Apocalyptic Fiction	66164446	1	11263727	Dystopic Fiction	[]	dystopic fiction	10489980	Apocalyptic Fiction	[]	apocalyptic fiction	2	Dystopic Fiction	raw	dystopic fiction	Apocalyptic Fiction	raw	apocalyptic fiction
pearltrees-h2-0045	pearltrees	principal_path_lineage	s243a	10658342	Artificial Intelligence	11376768	1	11376768	Weak signals	[]	weak signals	10658342	Artificial Intelligence	[]	artificial intelligence	2	Weak signals	raw	weak signals	Artificial Intelligence	raw	artificial intelligence
pearltrees-h2-0046	pearltrees	principal_path_lineage	s243a	10455231	Bitcoin 2.0	15052005	1	15052005	Managerial Science	[]	managerial science	10538786	Accounting	[]	accounting	2	Managerial Science	raw	managerial science	Acounting	corrected	accounting
pearltrees-h2-0047	pearltrees	principal_path_lineage	s243a	60480986	Cognition	81305419	1	76144393	Intelligence	[]	intelligence	60480986	Cognition	[]	cognition	2	Intelligence	raw	intelligence	Cognition	raw	cognition
pearltrees-h2-0048	pearltrees	principal_path_lineage	s243a	10892135	copyright	10391146	1	10391146	news.EFF.Patent	"[""News.EFF.Patent""]"	news.eff.patent	10479932	Copyright & Free Speech	[]	copyright & free speech	2	news.EFF.Patent	raw	news.eff.patent	Copyright & Free Speach	corrected	copyright & free speech
pearltrees-h2-0049	pearltrees	principal_path_lineage	s243a	10518894	Corruption & Retribution	11379321	1	11379321	gerrymandering	"[""Gerrymandering""]"	gerrymandering	10517528	Corruption	[]	corruption	2	gerrymandering	raw	gerrymandering	Corruption	raw	corruption
pearltrees-h3-0000	pearltrees	principal_path_lineage	s243a	11820376	2 - root node (my real tree Pearl Trees Version 1.0)	11791730,9285273	2	11791730	Wikipedia C	[]	wikipedia c	11820376	2 - root node (my real tree Pearl Trees Version 1.0)	[]	2 - root node (my real tree pearl trees version 1.0)	3	Wikipedia C	raw	wikipedia c	2 - root node (my real tree Pearl Trees Version 1.0)	raw	2 - root node (my real tree pearl trees version 1.0)
pearltrees-h3-0001	pearltrees	principal_path_lineage	s243a	10455430	Animal Farm	11728046	1	11728046	The Crises in Democracy	[]	the crises in democracy	10455428	Literary Portrayals of Totalitarianism	[]	literary portrayals of totalitarianism	3	The Crises in Democarcy	corrected	the crises in democracy	Literary Portrayals of Totalitarianism	raw	literary portrayals of totalitarianism
pearltrees-h3-0002	pearltrees	principal_path_lineage	s243a	10646352	Antenna	11495604	1	10647426	Physics	[]	physics	10646352	Antenna	[]	antenna	3	Physics	raw	physics	Antenna	raw	antenna
pearltrees-h3-0003	pearltrees	principal_path_lineage	s243a	10489980	Apocalyptic Fiction	66164446	1	11263728	capitalism in Dystopic Fiction	[]	capitalism in dystopic fiction	10489980	Apocalyptic Fiction	[]	apocalyptic fiction	3	capitalism in Dystopic Fiction	raw	capitalism in dystopic fiction	Apocalyptic Fiction	raw	apocalyptic fiction
pearltrees-h3-0004	pearltrees	principal_path_lineage	s243a	10455231	Bitcoin 2.0	10628300	1	10628297	Accounting Manipulation Schemes	[]	accounting manipulation schemes	10455231	Bitcoin 2.0	[]	bitcoin 2.0	3	Accounting Manipulation Schemes	raw	accounting manipulation schemes	Bitcoin 2.0	raw	bitcoin 2.0
pearltrees-h3-0005	pearltrees	principal_path_lineage	s243a	60480986	Cognition	81305419	1	81305419	"""Pure"" Intelligence?"	"[""&quot;Pure&quot; Intelligence?""]"	"""pure"" intelligence?"	60480986	Cognition	[]	cognition	3	"""Pure"" Intelligence?"	raw	"""pure"" intelligence?"	Cognition	raw	cognition
pearltrees-h3-0006	pearltrees	principal_path_lineage	s243a	10892135	copyright	10391146	1	10391146	news.EFF.Patent	"[""News.EFF.Patent""]"	news.eff.patent	10892135	copyright	[]	copyright	3	news.EFF.Patent	raw	news.eff.patent	copyright	raw	copyright
pearltrees-h3-0007	pearltrees	principal_path_lineage	s243a	10518894	Corruption & Retribution	70414794	1	70414794	Justice (Ethics and/or Wikipedia category )	[]	justice (ethics and/or wikipedia category )	10518894	Corruption & Retribution	[]	corruption & retribution	3	Justice (Ethics and/or Wikipedia category )	raw	justice (ethics and/or wikipedia category )	Corruption & Retribution	raw	corruption & retribution
pearltrees-h3-0008	pearltrees	principal_path_lineage	s243a	10459350	Darknet & The Deep Web	10517704	1	10517704	Privacy in The Age of Big Data	[]	privacy in the age of big data	10450458	Privacy (Technology)	[]	privacy (technology)	3	Privacy in The Age of Big Data	raw	privacy in the age of big data	Privacy (Technology)	raw	privacy (technology)
pearltrees-h3-0009	pearltrees	principal_path_lineage	s243a	10490022	Education	11286278	1	11286278	An Eye for An Eye	[]	an eye for an eye	10490022	Education	[]	education	3	An Eye for An Eye	raw	an eye for an eye	Education	raw	education
pearltrees-h3-0010	pearltrees	principal_path_lineage	s243a	10390752	ethics	11286288	1	11286288	breaching	"[""Breaching""]"	breaching	10462622	Political Philosophy	[]	political philosophy	3	breaching	raw	breaching	Political Philosophy	raw	political philosophy
pearltrees-h3-0011	pearltrees	principal_path_lineage	s243a	10369724	eyes-symbols-history-s243a	12613895	1	12613895	Criticism of religion	[]	criticism of religion	10390869	History by Region / place	[]	history by region / place	3	Criticism of relegion	corrected	criticism of religion	History by Region / place	raw	history by region / place
pearltrees-h3-0012	pearltrees	principal_path_lineage	s243a	10343209	FBI-history-s243a	11153655	1	11153655	Rounding up the Idlers	[]	rounding up the idlers	10343222	cointelpro (fbi history)	[]	cointelpro (fbi history)	3	Rounding up the Idlers	raw	rounding up the idlers	cointelpro (fbi history)	raw	cointelpro (fbi history)
pearltrees-h3-0013	pearltrees	principal_path_lineage	s243a	10646429	geopolitics	10517480	1	10517480	Heartland Theory	[]	heartland theory	10646429	geopolitics	[]	geopolitics	3	Heartland Theory	raw	heartland theory	geopolitics	raw	geopolitics
pearltrees-h3-0014	pearltrees	principal_path_lineage	s243a	10371461	Gods of Earth and Nature	10371600	1	10371600	Associated With Sekhmet	[]	associated with sekhmet	10390869	History by Region / place	[]	history by region / place	3	Associated With Sekhmet	raw	associated with sekhmet	History by Region / place	raw	history by region / place
pearltrees-h3-0015	pearltrees	principal_path_lineage	s243a	10323424	groups	10779676	1	10779676	Dr Jack Heinemann	[]	dr jack heinemann	10323425	groups-activists	[]	groups-activists	3	Dr Jack Heinemann	raw	dr jack heinemann	groups-activists	raw	groups-activists
pearltrees-h3-0016	pearltrees	principal_path_lineage	s243a	10390869	History by Region / place	11723294	1	11706800	Theater of the Absurd	[]	theater of the absurd	10343207	history	[]	history	3	Theater of the Absurd	raw	theater of the absurd	history	raw	history
pearltrees-h3-0017	pearltrees	principal_path_lineage	s243a	10541842	Language, Literature & Other arts	11394097	1	11394097	Anti-Drone War Art	[]	anti-drone war art	11389008	Political Art	[]	political art	3	Anti-Drone War Art	raw	anti-drone war art	Political Art	raw	political art
pearltrees-h3-0018	pearltrees	principal_path_lineage	s243a	11056503	Man in the MIddle	10769144	1	10769144	P.R.I.S.M	[]	p.r.i.s.m	11056503	Man in the MIddle	[]	man in the middle	3	P.R.I.S.M	raw	p.r.i.s.m	Man in the MIddle	raw	man in the middle
pearltrees-h3-0019	pearltrees	principal_path_lineage	s243a	10391040	media	10779347	1	10779347	Cynicism on Justice & Inequality	"[""Cynacism on Justice &amp; Inequality""]"	cynicism on justice & inequality	10323703	s243a-cynicism	[]	s243a-cynicism	3	Cynacism on Justice & Inequality	corrected	cynicism on justice & inequality	s243a-cynicism	raw	s243a-cynicism
pearltrees-h3-0020	pearltrees	principal_path_lineage	s243a	10381169	Mythology	10519858	1	10371507	Aleister Crowley	[]	aleister crowley	10369712	symbols-history	[]	symbols-history	3	Aleister Crowley	raw	aleister crowley	symbols-history	raw	symbols-history
pearltrees-h3-0021	pearltrees	principal_path_lineage	s243a	10390825	people	70025585	1	70025585	Arthur Schopenhauer	[]	arthur schopenhauer	10390883	Intellectuals & Notable Non-Fiction Writers	[]	intellectuals & notable non-fiction writers	3	Arthur Schopenhauer	raw	arthur schopenhauer	Intelectuals & Notable Non-Fiction Writers	corrected	intellectuals & notable non-fiction writers
pearltrees-h3-0022	pearltrees	principal_path_lineage	s243a	10390751	philosophy	13458584	1	13458584	Factory Pig Farms	[]	factory pig farms	10390751	philosophy	[]	philosophy	3	Factory Pig Farms	raw	factory pig farms	philosophy	raw	philosophy
pearltrees-h3-0023	pearltrees	principal_path_lineage	s243a	10399690	Politics	13445761	1	13445761	transparency	"[""Transparancy""]"	transparency	10400335	Illusions	[]	illusions	3	transparancy	corrected	transparency	Illusions	raw	illusions
pearltrees-h3-0024	pearltrees	principal_path_lineage	s243a	11549294	Republican Sideshows	14234218	1	14234218	In Defense of Social Security	[]	in defense of social security	10995538	Republican Politics	[]	republican politics	3	In Defense of Social Security	raw	in defense of social security	Republican Politics	raw	republican politics
pearltrees-h3-0025	pearltrees	principal_path_lineage	s243a	10311488	Social Media	14844745	1	14844745	deregulation as a force for censorship	"[""Deregulation as a force for censorship""]"	deregulation as a force for censorship	10311488	Social Media	[]	social media	3	deregulation as a force for censorship	raw	deregulation as a force for censorship	Social Media	raw	social media
pearltrees-h3-0026	pearltrees	principal_path_lineage	s243a	10371821	Society	10459336	1	10459336	The War on Science	[]	the war on science	10371821	Society	[]	society	3	The War on Science	raw	the war on science	Society	raw	society
pearltrees-h3-0027	pearltrees	principal_path_lineage	s243a	10369712	symbols-history	10610326	1	10605590	African History	[]	african history	10381169	Mythology	[]	mythology	3	African History	raw	african history	Mythology	raw	mythology
pearltrees-h3-0028	pearltrees	principal_path_lineage	s243a	11727684	Technology, Engineering & Design	10031034,10789639	2	10959087	sustainability technologies	[]	sustainability technologies	11727684	Technology, Engineering & Design	[]	technology, engineering & design	3	sustainability technologies	raw	sustainability technologies	Technology, Engineering & Design	raw	technology, engineering & design
pearltrees-h3-0029	pearltrees	principal_path_lineage	s243a	11027045	The Dividing of People's with lines on the map	12772376	1	12772376	The 1033 Program	[]	the 1033 program	11027045	The Dividing of People's with lines on the map	[]	the dividing of people's with lines on the map	3	The 1033 Program	raw	the 1033 program	The Dividing of People's with lines on the map	raw	the dividing of people's with lines on the map
pearltrees-h3-0030	pearltrees	principal_path_lineage	s243a	11820376	2 - root node (my real tree Pearl Trees Version 1.0)	9285273	1	9285273	Wikipedia C	[]	wikipedia c	11960195	indexes	[]	indexes	3	Wikipedia C	raw	wikipedia c	indexes	raw	indexes
pearltrees-h3-0031	pearltrees	principal_path_lineage	s243a	10455430	Animal Farm	11728089	1	11728089	Where Elite Unity Exists	[]	where elite unity exists	10455430	Animal Farm	[]	animal farm	3	Where Elite Unity Exists	raw	where elite unity exists	Animal Farm	raw	animal farm
pearltrees-h3-0032	pearltrees	principal_path_lineage	s243a	10646352	Antenna	11495604	1	11495603	Constraints (Classical Mechanics)	[]	constraints (classical mechanics)	10647433	Electricity & Magnetism (Physics)	[]	electricity & magnetism (physics)	3	Constraints (Clasical Mechanics)	corrected	constraints (classical mechanics)	Electricity & Magnitism (Physics)	corrected	electricity & magnetism (physics)
pearltrees-h3-0033	pearltrees	principal_path_lineage	s243a	10489980	Apocalyptic Fiction	66164446	1	66164446	Hard Times (novel)	[]	hard times (novel)	10489978	Fiction	[]	fiction	3	Hard Times (novel)	raw	hard times (novel)	Fiction	raw	fiction
pearltrees-h3-0034	pearltrees	principal_path_lineage	s243a	10455231	Bitcoin 2.0	10907954	1	10907954	Dec 9, 2013 Stanford pres Bitcoin, Bobby C. Lee, BTC China	[]	dec 9, 2013 stanford pres bitcoin, bobby c. lee, btc china	10455231	Bitcoin 2.0	[]	bitcoin 2.0	3	Dec 9, 2013 Standford pres Bitcoin, Bobby C. Lee, BTC China	corrected	dec 9, 2013 stanford pres bitcoin, bobby c. lee, btc china	Bitcoin 2.0	raw	bitcoin 2.0
pearltrees-h3-0035	pearltrees	principal_path_lineage	s243a	10518894	Corruption & Retribution	10556392	1	10528062	Monsanto's connections	[]	monsanto's connections	10518894	Corruption & Retribution	[]	corruption & retribution	3	Monsto's connections	corrected	monsanto's connections	Corruption & Retribution	raw	corruption & retribution
pearltrees-h3-0036	pearltrees	principal_path_lineage	s243a	10459350	Darknet & The Deep Web	10517704	1	10517701	Big Brother Govs & Corps (Books)	[]	big brother govs & corps (books)	10459350	Darknet & The Deep Web	[]	darknet & the deep web	3	Big Brother Govs & Corps (Books)	raw	big brother govs & corps (books)	Darknet & The Deep Web	raw	darknet & the deep web
pearltrees-h3-0037	pearltrees	principal_path_lineage	s243a	10490022	Education	11723079	1	11723079	Open Thesis	[]	open thesis	10391223	courses	[]	courses	3	Open Thesis	raw	open thesis	courses	raw	courses
pearltrees-h3-0038	pearltrees	principal_path_lineage	s243a	10390752	ethics	10745342	1	10745342	PF thread problems concerning reductionism	[]	pf thread problems concerning reductionism	10390752	ethics	[]	ethics	3	PF thread problems concerning reductionism	raw	pf thread problems concerning reductionism	ethics	raw	ethics
pearltrees-h3-0039	pearltrees	principal_path_lineage	s243a	10369724	eyes-symbols-history-s243a	10600128	1	10371645	owl.symbols.s243a	[]	owl.symbols.s243a	10343207	history	[]	history	3	owl.symbols.s243a	raw	owl.symbols.s243a	history	raw	history
pearltrees-h3-0040	pearltrees	principal_path_lineage	s243a	10343209	FBI-history-s243a	15664320	1	15664320	Anti-Protest Tactics	[]	anti-protest tactics	10343209	FBI-history-s243a	[]	fbi-history-s243a	3	Anti-Protest Tactics	raw	anti-protest tactics	FBI-history-s243a	raw	fbi-history-s243a
pearltrees-h3-0041	pearltrees	principal_path_lineage	s243a	10646429	geopolitics	10517471	1	10517471	The Grand Chessboard	[]	the grand chessboard	10646429	geopolitics	[]	geopolitics	3	The Grand Chessboard	raw	the grand chessboard	geopolitics	raw	geopolitics
pearltrees-h3-0042	pearltrees	principal_path_lineage	s243a	10371461	Gods of Earth and Nature	10371347	1	10371347	Evil Gods	[]	evil gods	10390869	History by Region / place	[]	history by region / place	3	Evil Gods	raw	evil gods	History by Region / place	raw	history by region / place
pearltrees-h3-0043	pearltrees	principal_path_lineage	s243a	10323424	groups	10907144	1	10907144	NDAA Pushback	[]	ndaa pushback	10388439	government.clandestine.society	[]	government.clandestine.society	3	NDAA Pushback	raw	ndaa pushback	government.clandestine.society	raw	government.clandestine.society
pearltrees-h3-0044	pearltrees	principal_path_lineage	s243a	10390869	History by Region / place	16222805,61716503	2	16222805	Political Science	[]	political science	10381169	Mythology	[]	mythology	3	Political Science	raw	political science	Mythology	raw	mythology
pearltrees-h3-0045	pearltrees	principal_path_lineage	s243a	10541842	Language, Literature & Other arts	11394097	1	11394095	Drone War Art	[]	drone war art	10454091	Art	[]	art	3	Drone War Art	raw	drone war art	Art	raw	art
pearltrees-h3-0046	pearltrees	principal_path_lineage	s243a	10391040	media	10756910,12282146,13684103,15044171,15120531,15670362,23644924,6084990	8	10800288	Destructive Practices	[]	destructive practices	10311531	s243a-wikispaces	[]	s243a-wikispaces	3	Destructive Practices	raw	destructive practices	s243a-wikispaces	raw	s243a-wikispaces
pearltrees-h3-0047	pearltrees	principal_path_lineage	s243a	10381169	Mythology	10519858	1	10519858	Aleister Crowley by other Pearlers	[]	aleister crowley by other pearlers	10369724	eyes-symbols-history-s243a	[]	eyes-symbols-history-s243a	3	Aleister Crowley by other Pearlers	raw	aleister crowley by other pearlers	eyes-symbols-history-s243a	raw	eyes-symbols-history-s243a
pearltrees-h3-0048	pearltrees	principal_path_lineage	s243a	10390825	people	10729447,12473654	2	10720446	George Wilhelm Friedrich Hegel	[]	george wilhelm friedrich hegel	10390883	Intellectuals & Notable Non-Fiction Writers	[]	intellectuals & notable non-fiction writers	3	George Wilhelm Fredrich Hegel	corrected	george wilhelm friedrich hegel	Intelectuals & Notable Non-Fiction Writers	corrected	intellectuals & notable non-fiction writers
pearltrees-h3-0049	pearltrees	principal_path_lineage	s243a	10390751	philosophy	10510359	1	10510359	The Reality of Food Stamps	[]	the reality of food stamps	10390752	ethics	[]	ethics	3	The Reality of Food Stamps	raw	the reality of food stamps	ethics	raw	ethics
pearltrees-h4-0000	pearltrees	principal_path_lineage	s243a	11820376	2 - root node (my real tree Pearl Trees Version 1.0)	9285273	1	9285273	Wikipedia C	[]	wikipedia c	11820376	2 - root node (my real tree Pearl Trees Version 1.0)	[]	2 - root node (my real tree pearl trees version 1.0)	4	Wikipedia C	raw	wikipedia c	2 - root node (my real tree Pearl Trees Version 1.0)	raw	2 - root node (my real tree pearl trees version 1.0)
pearltrees-h4-0001	pearltrees	principal_path_lineage	s243a	10455430	Animal Farm	11728046	1	11728046	The Crises in Democracy	[]	the crises in democracy	10455430	Animal Farm	[]	animal farm	4	The Crises in Democarcy	corrected	the crises in democracy	Animal Farm	raw	animal farm
pearltrees-h4-0002	pearltrees	principal_path_lineage	s243a	10646352	Antenna	11495604	1	11495602	Classical Mechanics	[]	classical mechanics	10646352	Antenna	[]	antenna	4	Classical Mechanics	raw	classical mechanics	Antenna	raw	antenna
pearltrees-h4-0003	pearltrees	principal_path_lineage	s243a	10489980	Apocalyptic Fiction	66164446	1	66164446	Hard Times (novel)	[]	hard times (novel)	10489980	Apocalyptic Fiction	[]	apocalyptic fiction	4	Hard Times (novel)	raw	hard times (novel)	Apocalyptic Fiction	raw	apocalyptic fiction
pearltrees-h4-0004	pearltrees	principal_path_lineage	s243a	10455231	Bitcoin 2.0	69739167	1	69739167	Business process	[]	business process	10455231	Bitcoin 2.0	[]	bitcoin 2.0	4	Business process	raw	business process	Bitcoin 2.0	raw	bitcoin 2.0
pearltrees-h4-0005	pearltrees	principal_path_lineage	s243a	10518894	Corruption & Retribution	10556392	1	10556389	Monsanto	[]	monsanto	10518894	Corruption & Retribution	[]	corruption & retribution	4	Monsanto	raw	monsanto	Corruption & Retribution	raw	corruption & retribution
pearltrees-h4-0006	pearltrees	principal_path_lineage	s243a	10459350	Darknet & The Deep Web	10517704	1	10517704	Privacy in The Age of Big Data	[]	privacy in the age of big data	10459350	Darknet & The Deep Web	[]	darknet & the deep web	4	Privacy in The Age of Big Data	raw	privacy in the age of big data	Darknet & The Deep Web	raw	darknet & the deep web
pearltrees-h4-0007	pearltrees	principal_path_lineage	s243a	10490022	Education	11723079	1	11723079	Open Thesis	[]	open thesis	10490022	Education	[]	education	4	Open Thesis	raw	open thesis	Education	raw	education
pearltrees-h4-0008	pearltrees	principal_path_lineage	s243a	10390752	ethics	10586002	1	10586002	Who Has The Gold	[]	who has the gold	10462622	Political Philosophy	[]	political philosophy	4	Who Has The Gold	raw	who has the gold	Political Philosophy	raw	political philosophy
pearltrees-h4-0009	pearltrees	principal_path_lineage	s243a	10369724	eyes-symbols-history-s243a	11729722	1	11729722	Alcohol	[]	alcohol	10370051	Religion	[]	religion	4	Alcohol	raw	alcohol	Relegion	corrected	religion
pearltrees-h4-0010	pearltrees	principal_path_lineage	s243a	10343209	FBI-history-s243a	15102179	1	15102179	The Black Panthers	[]	the black panthers	10343209	FBI-history-s243a	[]	fbi-history-s243a	4	The Black Panthers	raw	the black panthers	FBI-history-s243a	raw	fbi-history-s243a
pearltrees-h4-0011	pearltrees	principal_path_lineage	s243a	10371461	Gods of Earth and Nature	10371600	1	10371600	Associated With Sekhmet	[]	associated with sekhmet	10343207	history	[]	history	4	Associated With Sekhmet	raw	associated with sekhmet	history	raw	history
pearltrees-h4-0012	pearltrees	principal_path_lineage	s243a	10323424	groups	2492488	1	2492488	English	[]	english	10323425	groups-activists	[]	groups-activists	4	English	raw	english	groups-activists	raw	groups-activists
pearltrees-h4-0013	pearltrees	principal_path_lineage	s243a	10390869	History by Region / place	11666050	1	11666050	Popular beliefs on scientific issues	[]	popular beliefs on scientific issues	10381169	Mythology	[]	mythology	4	Popular beliefs on scientific issues	raw	popular beliefs on scientific issues	Mythology	raw	mythology
pearltrees-h4-0014	pearltrees	principal_path_lineage	s243a	10541842	Language, Literature & Other arts	11394097	1	11394095	Drone War Art	[]	drone war art	10541842	Language, Literature & Other arts	[]	language, literature & other arts	4	Drone War Art	raw	drone war art	Language, Literature & Other arts	raw	language, literature & other arts
pearltrees-h4-0015	pearltrees	principal_path_lineage	s243a	10391040	media	10756910	1	10737525	mergers acquisitions and takeovers	[]	mergers acquisitions and takeovers	10311531	s243a-wikispaces	[]	s243a-wikispaces	4	mergers acquisitions and takeovers	raw	mergers acquisitions and takeovers	s243a-wikispaces	raw	s243a-wikispaces
pearltrees-h4-0016	pearltrees	principal_path_lineage	s243a	10381169	Mythology	10519858	1	10371507	Aleister Crowley	[]	aleister crowley	10390869	History by Region / place	[]	history by region / place	4	Aleister Crowley	raw	aleister crowley	History by Region / place	raw	history by region / place
pearltrees-h4-0017	pearltrees	principal_path_lineage	s243a	10390825	people	14562183	1	14562183	2016 Election (Bernie Sanders)	[]	2016 election (bernie sanders)	10390825	people	[]	people	4	2016 Election (Bernie Sanders)	raw	2016 election (bernie sanders)	people	raw	people
pearltrees-h4-0018	pearltrees	principal_path_lineage	s243a	10390751	philosophy	70598630	1	70598630	Animal ethics	[]	animal ethics	10390751	philosophy	[]	philosophy	4	Animal ethics	raw	animal ethics	philosophy	raw	philosophy
pearltrees-h4-0019	pearltrees	principal_path_lineage	s243a	10399690	Politics	14525577	1	14525577	CEO Wages	[]	ceo wages	10399723	Removing The curtain	[]	removing the curtain	4	CEO Wages	raw	ceo wages	Removing The curtain	raw	removing the curtain
pearltrees-h4-0020	pearltrees	principal_path_lineage	s243a	11549294	Republican Sideshows	14234218	1	14234218	In Defense of Social Security	[]	in defense of social security	11549294	Republican Sideshows	[]	republican sideshows	4	In Defense of Social Security	raw	in defense of social security	Republican Sideshows	raw	republican sideshows
pearltrees-h4-0021	pearltrees	principal_path_lineage	s243a	10311488	Social Media	11727879	1	11727879	Part 1 - The Company (Counter Intelligence)	[]	part 1 - the company (counter intelligence)	10391040	media	[]	media	4	Part 1 - The Company (Counter Intelligence)	raw	part 1 - the company (counter intelligence)	media	raw	media
pearltrees-h4-0022	pearltrees	principal_path_lineage	s243a	10371821	Society	12155877	1	12155877	LOGO	[]	logo	10407535	Net Neutrality and Society	[]	net neutrality and society	4	LOGO	raw	logo	Net Nutrality and Society	corrected	net neutrality and society
pearltrees-h4-0023	pearltrees	principal_path_lineage	s243a	10369712	symbols-history	10986539,11044343	2	10790290	Ukraine	[]	ukraine	10390869	History by Region / place	[]	history by region / place	4	Ukrain	corrected	ukraine	History by Region / place	raw	history by region / place
pearltrees-h4-0024	pearltrees	principal_path_lineage	s243a	11727684	Technology, Engineering & Design	82448474	1	82448474	Support for Open Source Software	[]	support for open source software	11727684	Technology, Engineering & Design	[]	technology, engineering & design	4	Support for Open Source Software	raw	support for open source software	Technology, Engineering & Design	raw	technology, engineering & design
pearltrees-h4-0025	pearltrees	principal_path_lineage	s243a	10646352	Antenna	11495604	1	11495603	Constraints (Classical Mechanics)	[]	constraints (classical mechanics)	10646346	Signals & communication	[]	signals & communication	4	Constraints (Clasical Mechanics)	corrected	constraints (classical mechanics)	Signals & communication	raw	signals & communication
pearltrees-h4-0026	pearltrees	principal_path_lineage	s243a	10455231	Bitcoin 2.0	10628300	1	10628300	Roundtripping	[]	roundtripping	10455231	Bitcoin 2.0	[]	bitcoin 2.0	4	Roundtripping	raw	roundtripping	Bitcoin 2.0	raw	bitcoin 2.0
pearltrees-h4-0027	pearltrees	principal_path_lineage	s243a	10518894	Corruption & Retribution	10556392	1	10556392	Alleged Monsanto Connections	[]	alleged monsanto connections	10517528	Corruption	[]	corruption	4	Alleged Monsanto Connections	raw	alleged monsanto connections	Corruption	raw	corruption
pearltrees-h4-0028	pearltrees	principal_path_lineage	s243a	10490022	Education	11489905	1	11489905	Jens Förster - UvA (FMG)	[]	jens förster - uva (fmg)	10490022	Education	[]	education	4	Jens Förster - UvA (FMG)	raw	jens förster - uva (fmg)	Education	raw	education
pearltrees-h4-0029	pearltrees	principal_path_lineage	s243a	10390752	ethics	10761044	1	10761044	Inverted Totalitarianism	[]	inverted totalitarianism	10462622	Political Philosophy	[]	political philosophy	4	Inverted Totalitarianism	raw	inverted totalitarianism	Political Philosophy	raw	political philosophy
pearltrees-h4-0030	pearltrees	principal_path_lineage	s243a	10369724	eyes-symbols-history-s243a	11567740,11729722	2	11567737	culture (Anthropology)	[]	culture (anthropology)	10390869	History by Region / place	[]	history by region / place	4	culture (Anthropology)	raw	culture (anthropology)	History by Region / place	raw	history by region / place
pearltrees-h4-0031	pearltrees	principal_path_lineage	s243a	10343209	FBI-history-s243a	11153655	1	11153655	Rounding up the Idlers	[]	rounding up the idlers	10343209	FBI-history-s243a	[]	fbi-history-s243a	4	Rounding up the Idlers	raw	rounding up the idlers	FBI-history-s243a	raw	fbi-history-s243a
pearltrees-h4-0032	pearltrees	principal_path_lineage	s243a	10371461	Gods of Earth and Nature	10371347	1	10371347	Evil Gods	[]	evil gods	10343207	history	[]	history	4	Evil Gods	raw	evil gods	history	raw	history
pearltrees-h4-0033	pearltrees	principal_path_lineage	s243a	10323424	groups	10817244	1	10817244	Tyrone Hayes	[]	tyrone hayes	10323424	groups	[]	groups	4	Tyrone Hayes	raw	tyrone hayes	groups	raw	groups
pearltrees-h4-0034	pearltrees	principal_path_lineage	s243a	10390869	History by Region / place	10518857	1	10518857	Same Love feat. Mary Lambert	[]	same love feat. mary lambert	10343207	history	[]	history	4	Same Love feat. Mary Lambert	raw	same love feat. mary lambert	history	raw	history
pearltrees-h4-0035	pearltrees	principal_path_lineage	s243a	10541842	Language, Literature & Other arts	11394097	1	11394097	Anti-Drone War Art	[]	anti-drone war art	10454091	Art	[]	art	4	Anti-Drone War Art	raw	anti-drone war art	Art	raw	art
pearltrees-h4-0036	pearltrees	principal_path_lineage	s243a	10391040	media	10646516	1	10646516	Trade Deals are Collusion	[]	trade deals are collusion	10323703	s243a-cynicism	[]	s243a-cynicism	4	Trade Deals are Collusion	raw	trade deals are collusion	s243a-cynicism	raw	s243a-cynicism
pearltrees-h4-0037	pearltrees	principal_path_lineage	s243a	10381169	Mythology	10381200	1	10381200	Robert Graves	[]	robert graves	10390869	History by Region / place	[]	history by region / place	4	Robert Graves	raw	robert graves	History by Region / place	raw	history by region / place
pearltrees-h4-0038	pearltrees	principal_path_lineage	s243a	10390825	people	15641683	1	15641683	Criticism of Hillary Clinton	[]	criticism of hillary clinton	10446371	American Politicians	[]	american politicians	4	Criticism of Hillary Clinton	raw	criticism of hillary clinton	American Politicians	raw	american politicians
pearltrees-h4-0039	pearltrees	principal_path_lineage	s243a	10390751	philosophy	14493998	1	14493998	memes -- blaming the poor	"[""Memes -- blaming the poor""]"	memes -- blaming the poor	10390751	philosophy	[]	philosophy	4	memes -- blaming the poor	raw	memes -- blaming the poor	philosophy	raw	philosophy
pearltrees-h4-0040	pearltrees	principal_path_lineage	s243a	10399690	Politics	11389060,11615420,15690849,23999205,36235900	5	11105658	Money in Politics	[]	money in politics	10400335	Illusions	[]	illusions	4	Money in Politics	raw	money in politics	Illusions	raw	illusions
pearltrees-h4-0041	pearltrees	principal_path_lineage	s243a	10311488	Social Media	11737998	1	11737998	Empathetically Correct	[]	empathetically correct	10311488	Social Media	[]	social media	4	Empathetically Correct	raw	empathetically correct	Social Media	raw	social media
pearltrees-h4-0042	pearltrees	principal_path_lineage	s243a	10371821	Society	12154122	1	12154122	Showtime	[]	showtime	10407535	Net Neutrality and Society	[]	net neutrality and society	4	Showtime	raw	showtime	Net Nutrality and Society	corrected	net neutrality and society
pearltrees-h4-0043	pearltrees	principal_path_lineage	s243a	10369712	symbols-history	14195928	1	10830625	Foreign Politics (Israel)	[]	foreign politics (israel)	10390869	History by Region / place	[]	history by region / place	4	Foreign Politics (Israel)	raw	foreign politics (israel)	History by Region / place	raw	history by region / place
pearltrees-h4-0044	pearltrees	principal_path_lineage	s243a	11727684	Technology, Engineering & Design	7178850	1	7178850	Art	[]	art	75009241	Science and technology	[]	science and technology	4	Art	raw	art	Science and technology	raw	science and technology
pearltrees-h4-0045	pearltrees	principal_path_lineage	s243a	10646352	Antenna	11495604	1	11495604	Holonomic system	[]	holonomic system	10647433	Electricity & Magnetism (Physics)	[]	electricity & magnetism (physics)	4	Holonomic system	raw	holonomic system	Electricity & Magnitism (Physics)	corrected	electricity & magnetism (physics)
pearltrees-h4-0046	pearltrees	principal_path_lineage	s243a	10455231	Bitcoin 2.0	14525776	1	14525776	Production and organizations	[]	production and organizations	10455231	Bitcoin 2.0	[]	bitcoin 2.0	4	Production and organizations	raw	production and organizations	Bitcoin 2.0	raw	bitcoin 2.0
pearltrees-h4-0047	pearltrees	principal_path_lineage	s243a	10390752	ethics	11549365	1	11549365	USA Law - Unintended Consequences	[]	usa law - unintended consequences	10390752	ethics	[]	ethics	4	USA Law - Unintended Consequences	raw	usa law - unintended consequences	ethics	raw	ethics
pearltrees-h4-0048	pearltrees	principal_path_lineage	s243a	10369724	eyes-symbols-history-s243a	11567780	1	11556976	Miss Representation	[]	miss representation	10370051	Religion	[]	religion	4	Miss Representation	raw	miss representation	Relegion	corrected	religion
pearltrees-h4-0049	pearltrees	principal_path_lineage	s243a	10371461	Gods of Earth and Nature	10371330	1	10371330	Symbols of Satanism (Documentary)	[]	symbols of satanism (documentary)	10343207	history	[]	history	4	Symbols of Satinism (Documentary)	corrected	symbols of satanism (documentary)	history	raw	history
pearltrees-h5-0000	pearltrees	principal_path_lineage	s243a	10646352	Antenna	11495604	1	11495603	Constraints (Classical Mechanics)	[]	constraints (classical mechanics)	10646352	Antenna	[]	antenna	5	Constraints (Clasical Mechanics)	corrected	constraints (classical mechanics)	Antenna	raw	antenna
pearltrees-h5-0001	pearltrees	principal_path_lineage	s243a	10518894	Corruption & Retribution	10556392	1	10556392	Alleged Monsanto Connections	[]	alleged monsanto connections	10518894	Corruption & Retribution	[]	corruption & retribution	5	Alleged Monsanto Connections	raw	alleged monsanto connections	Corruption & Retribution	raw	corruption & retribution
pearltrees-h5-0002	pearltrees	principal_path_lineage	s243a	10390752	ethics	11395179	1	10761122	Corporate Fascism	[]	corporate fascism	10390751	philosophy	[]	philosophy	5	Corporate Facism	corrected	corporate fascism	philosophy	raw	philosophy
pearltrees-h5-0003	pearltrees	principal_path_lineage	s243a	10369724	eyes-symbols-history-s243a	10709892	1	10709892	Alien Myths	[]	alien myths	10343207	history	[]	history	5	Alien Myths	raw	alien myths	history	raw	history
pearltrees-h5-0004	pearltrees	principal_path_lineage	s243a	10371461	Gods of Earth and Nature	10371600	1	10371600	Associated With Sekhmet	[]	associated with sekhmet	10381169	Mythology	[]	mythology	5	Associated With Sekhmet	raw	associated with sekhmet	Mythology	raw	mythology
pearltrees-h5-0005	pearltrees	principal_path_lineage	s243a	10323424	groups	2595431	1	2595431	[PDF] Livres	[]	[pdf] livres	10323425	groups-activists	[]	groups-activists	5	[PDF] Livres	raw	[pdf] livres	groups-activists	raw	groups-activists
pearltrees-h5-0006	pearltrees	principal_path_lineage	s243a	10390869	History by Region / place	10741831	1	10741831	fiction & poverty	"[""Fiction &amp; poverty""]"	fiction & poverty	10371461	Gods of Earth and Nature	[]	gods of earth and nature	5	fiction & poverty	raw	fiction & poverty	Gods of Earth and Nature	raw	gods of earth and nature
pearltrees-h5-0007	pearltrees	principal_path_lineage	s243a	10541842	Language, Literature & Other arts	11394097	1	11394097	Anti-Drone War Art	[]	anti-drone war art	10541842	Language, Literature & Other arts	[]	language, literature & other arts	5	Anti-Drone War Art	raw	anti-drone war art	Language, Literature & Other arts	raw	language, literature & other arts
pearltrees-h5-0008	pearltrees	principal_path_lineage	s243a	10391040	media	10646516,10779347,11109632,11335357,12759321,12759337,14951406,70025751	8	10646461	Collective Moods & dispositions	[]	collective moods & dispositions	10311488	Social Media	[]	social media	5	Collective Moods & dispositions	raw	collective moods & dispositions	Social Media	raw	social media
pearltrees-h5-0009	pearltrees	principal_path_lineage	s243a	10381169	Mythology	10519858	1	10371507	Aleister Crowley	[]	aleister crowley	10343207	history	[]	history	5	Aleister Crowley	raw	aleister crowley	history	raw	history
pearltrees-h5-0010	pearltrees	principal_path_lineage	s243a	10390825	people	11393452	1	11392830	Books by Peter Kropotkin	[]	books by peter kropotkin	10390883	Intellectuals & Notable Non-Fiction Writers	[]	intellectuals & notable non-fiction writers	5	Books by Peter Kropotkin	raw	books by peter kropotkin	Intelectuals & Notable Non-Fiction Writers	corrected	intellectuals & notable non-fiction writers
pearltrees-h5-0011	pearltrees	principal_path_lineage	s243a	10399690	Politics	36235900	1	11423863	Money in Tennessee Politics	[]	money in tennessee politics	10400335	Illusions	[]	illusions	5	Money in Tennesse Politics	corrected	money in tennessee politics	Illusions	raw	illusions
pearltrees-h5-0012	pearltrees	principal_path_lineage	s243a	10311488	Social Media	11727879	1	11727879	Part 1 - The Company (Counter Intelligence)	[]	part 1 - the company (counter intelligence)	10311488	Social Media	[]	social media	5	Part 1 - The Company (Counter Intelligence)	raw	part 1 - the company (counter intelligence)	Social Media	raw	social media
pearltrees-h5-0013	pearltrees	principal_path_lineage	s243a	10371821	Society	12154157	1	12154157	HBO	[]	hbo	10410323	Social Forms & Ideologies	[]	social forms & ideologies	5	HBO	raw	hbo	Social Forms & Ideologies	raw	social forms & ideologies
pearltrees-h5-0014	pearltrees	principal_path_lineage	s243a	10369712	symbols-history	16832164	1	16832164	History of the Americas	[]	history of the americas	10369724	eyes-symbols-history-s243a	[]	eyes-symbols-history-s243a	5	History of the Americas	raw	history of the americas	eyes-symbols-history-s243a	raw	eyes-symbols-history-s243a
pearltrees-h5-0015	pearltrees	principal_path_lineage	s243a	11727684	Technology, Engineering & Design	53344270,61533727	2	53344270	Branches of science	[]	branches of science	11727684	Technology, Engineering & Design	[]	technology, engineering & design	5	Branches of science	raw	branches of science	Technology, Engineering & Design	raw	technology, engineering & design
pearltrees-h5-0016	pearltrees	principal_path_lineage	s243a	10646352	Antenna	11495604	1	11495604	Holonomic system	[]	holonomic system	10646346	Signals & communication	[]	signals & communication	5	Holonomic system	raw	holonomic system	Signals & communication	raw	signals & communication
pearltrees-h5-0017	pearltrees	principal_path_lineage	s243a	10390752	ethics	14539688	1	14539688	Racist & Classist Justice	"[""Racist &amp; Classist Justice""]"	racist & classist justice	10390752	ethics	[]	ethics	5	Racist & Classist Justice	raw	racist & classist justice	ethics	raw	ethics
pearltrees-h5-0018	pearltrees	principal_path_lineage	s243a	10369724	eyes-symbols-history-s243a	11567740,11729722	2	11567740	drug culture	"[""Drug culture""]"	drug culture	10390869	History by Region / place	[]	history by region / place	5	drug culture	raw	drug culture	History by Region / place	raw	history by region / place
pearltrees-h5-0019	pearltrees	principal_path_lineage	s243a	10371461	Gods of Earth and Nature	10371364	1	10371364	Eye Symbol Examples	[]	eye symbol examples	10381169	Mythology	[]	mythology	5	Eye Symbol Examples	raw	eye symbol examples	Mythology	raw	mythology
pearltrees-h5-0020	pearltrees	principal_path_lineage	s243a	10323424	groups	2595429	1	2595429	EN	[]	en	10323424	groups	[]	groups	5	EN	raw	en	groups	raw	groups
pearltrees-h5-0021	pearltrees	principal_path_lineage	s243a	10390869	History by Region / place	10541886	1	10541886	Cynicism & History Stereotypes	"[""Cynacism &amp; History Sterotypes""]"	cynicism & history stereotypes	10369724	eyes-symbols-history-s243a	[]	eyes-symbols-history-s243a	5	Cynacism & History Sterotypes	corrected	cynicism & history stereotypes	eyes-symbols-history-s243a	raw	eyes-symbols-history-s243a
pearltrees-h5-0022	pearltrees	principal_path_lineage	s243a	10391040	media	10646516,10779347	2	10646481	Cynicism	[]	cynicism	10450605	wikis	[]	wikis	5	Cynacism	corrected	cynicism	wikis	raw	wikis
pearltrees-h5-0023	pearltrees	principal_path_lineage	s243a	10381169	Mythology	10519858	1	10519858	Aleister Crowley by other Pearlers	[]	aleister crowley by other pearlers	10390869	History by Region / place	[]	history by region / place	5	Aleister Crowley by other Pearlers	raw	aleister crowley by other pearlers	History by Region / place	raw	history by region / place
pearltrees-h5-0024	pearltrees	principal_path_lineage	s243a	10390825	people	12473654	1	12473654	The Phenomenology of Spirit, Hegel	[]	the phenomenology of spirit, hegel	10390825	people	[]	people	5	The Phenomenology of Spirit, Hagel	corrected	the phenomenology of spirit, hegel	people	raw	people
pearltrees-h5-0025	pearltrees	principal_path_lineage	s243a	10399690	Politics	23999205	1	23999205	Superpacs & Other Lobbying Groups - Super PAC (Political Action Committee) - pacs	"[""Superpacs &amp; Other Lobbying Groups - Super PAC (Political Action Committee) - pacs""]"	superpacs & other lobbying groups - super pac (political action committee) - pacs	10400335	Illusions	[]	illusions	5	Superpacs & Other Lobbying Groups - Super PAC (Political Action Committee) - pacs	raw	superpacs & other lobbying groups - super pac (political action committee) - pacs	Illusions	raw	illusions
pearltrees-h5-0026	pearltrees	principal_path_lineage	s243a	10311488	Social Media	11728130	1	11728130	Part 5 - Drone Nation (counter intelligence)	[]	part 5 - drone nation (counter intelligence)	10311488	Social Media	[]	social media	5	Part 5 - Drone Nation (counter intellegence)	corrected	part 5 - drone nation (counter intelligence)	Social Media	raw	social media
pearltrees-h5-0027	pearltrees	principal_path_lineage	s243a	10371821	Society	12155876	1	12155876	COMEDY CENTRAL	[]	comedy central	10410323	Social Forms & Ideologies	[]	social forms & ideologies	5	COMEDY CENTRAL	raw	comedy central	Social Forms & Ideologies	raw	social forms & ideologies
pearltrees-h5-0028	pearltrees	principal_path_lineage	s243a	10369712	symbols-history	14195928	1	10830626	The Israel Palestine Conflict	[]	the israel palestine conflict	10390869	History by Region / place	[]	history by region / place	5	The Isreal Palistine Conflict	corrected	the israel palestine conflict	History by Region / place	raw	history by region / place
pearltrees-h5-0029	pearltrees	principal_path_lineage	s243a	11727684	Technology, Engineering & Design	12531010	1	12531010	Tools (Science & Engineering)	"[""Tools (Science &amp; Engineering)""]"	tools (science & engineering)	11727684	Technology, Engineering & Design	[]	technology, engineering & design	5	Tools (Science & Engineering)	raw	tools (science & engineering)	Technology, Engineering & Design	raw	technology, engineering & design
pearltrees-h5-0030	pearltrees	principal_path_lineage	s243a	10390752	ethics	52470789	1	52470789	Abnormal psychology	[]	abnormal psychology	10390752	ethics	[]	ethics	5	Abnormal psychology	raw	abnormal psychology	ethics	raw	ethics
pearltrees-h5-0031	pearltrees	principal_path_lineage	s243a	10369724	eyes-symbols-history-s243a	10791257	1	10791257	work	"[""Work""]"	work	10343207	history	[]	history	5	work	raw	work	history	raw	history
pearltrees-h5-0032	pearltrees	principal_path_lineage	s243a	10371461	Gods of Earth and Nature	10371330	1	10371330	Symbols of Satanism (Documentary)	[]	symbols of satanism (documentary)	10381169	Mythology	[]	mythology	5	Symbols of Satinism (Documentary)	corrected	symbols of satanism (documentary)	Mythology	raw	mythology
pearltrees-h5-0033	pearltrees	principal_path_lineage	s243a	10323424	groups	10425296	1	10425296	John Kiriakou	[]	john kiriakou	10323424	groups	[]	groups	5	John Kiriakou	raw	john kiriakou	groups	raw	groups
pearltrees-h5-0034	pearltrees	principal_path_lineage	s243a	10390869	History by Region / place	14043169	1	10544788	The Muck We Must Climb Out Of	[]	the muck we must climb out of	10369724	eyes-symbols-history-s243a	[]	eyes-symbols-history-s243a	5	The Muck We Must Climb Out Of	raw	the muck we must climb out of	eyes-symbols-history-s243a	raw	eyes-symbols-history-s243a
pearltrees-h5-0035	pearltrees	principal_path_lineage	s243a	10391040	media	14951406	1	14951406	Tackling Danger Without Violence	[]	tackling danger without violence	10311531	s243a-wikispaces	[]	s243a-wikispaces	5	Tackling Danger Without Violence	raw	tackling danger without violence	s243a-wikispaces	raw	s243a-wikispaces
pearltrees-h5-0036	pearltrees	principal_path_lineage	s243a	10381169	Mythology	10381200	1	10381200	Robert Graves	[]	robert graves	10343207	history	[]	history	5	Robert Graves	raw	robert graves	history	raw	history
pearltrees-h5-0037	pearltrees	principal_path_lineage	s243a	10390825	people	15672395	1	15672395	Goldwater	[]	goldwater	10390825	people	[]	people	5	Goldwater	raw	goldwater	people	raw	people
pearltrees-h5-0038	pearltrees	principal_path_lineage	s243a	10399690	Politics	11389060,11615420,15690849,23999205,36235900	5	11105658	Money in Politics	[]	money in politics	10399690	Politics	[]	politics	5	Money in Politics	raw	money in politics	Politics	raw	politics
pearltrees-h5-0039	pearltrees	principal_path_lineage	s243a	10311488	Social Media	11727907	1	11727907	Part 4 - IV - Necrophilous (Counter Intelligence)	[]	part 4 - iv - necrophilous (counter intelligence)	10311488	Social Media	[]	social media	5	Part 4 - IV - Necrophilous (Counter Intellegence)	corrected	part 4 - iv - necrophilous (counter intelligence)	Social Media	raw	social media
pearltrees-h5-0040	pearltrees	principal_path_lineage	s243a	10371821	Society	12155990	1	12155990	BET	[]	bet	10410323	Social Forms & Ideologies	[]	social forms & ideologies	5	BET	raw	bet	Social Forms & Ideologies	raw	social forms & ideologies
pearltrees-h5-0041	pearltrees	principal_path_lineage	s243a	10369712	symbols-history	10986539	1	10986539	Leaks and hacks	[]	leaks and hacks	10579331	Places	[]	places	5	Leaks and hacks	raw	leaks and hacks	Places	raw	places
pearltrees-h5-0042	pearltrees	principal_path_lineage	s243a	11727684	Technology, Engineering & Design	60340939	1	60340939	Scientific phenomena	[]	scientific phenomena	11727684	Technology, Engineering & Design	[]	technology, engineering & design	5	Scientific phenomena	raw	scientific phenomena	Technology, Engineering & Design	raw	technology, engineering & design
pearltrees-h5-0043	pearltrees	principal_path_lineage	s243a	10390752	ethics	11395179	1	11392387	Transitions to Totalitarianism	[]	transitions to totalitarianism	10462622	Political Philosophy	[]	political philosophy	5	Transitions to Totalitarism	corrected	transitions to totalitarianism	Political Philosophy	raw	political philosophy
pearltrees-h5-0044	pearltrees	principal_path_lineage	s243a	10369724	eyes-symbols-history-s243a	14218297	1	10766135	Federal Reserve	[]	federal reserve	10390869	History by Region / place	[]	history by region / place	5	Federal Reserve	raw	federal reserve	History by Region / place	raw	history by region / place
pearltrees-h5-0045	pearltrees	principal_path_lineage	s243a	10371461	Gods of Earth and Nature	10371347	1	10371347	Evil Gods	[]	evil gods	10381169	Mythology	[]	mythology	5	Evil Gods	raw	evil gods	Mythology	raw	mythology
pearltrees-h5-0046	pearltrees	principal_path_lineage	s243a	10323424	groups	2492488	1	2492488	English	[]	english	10323424	groups	[]	groups	5	English	raw	english	groups	raw	groups
pearltrees-h5-0047	pearltrees	principal_path_lineage	s243a	10390869	History by Region / place	10741831,11446295,11746501,15698962	4	10676482	Poverty	[]	poverty	10369724	eyes-symbols-history-s243a	[]	eyes-symbols-history-s243a	5	Poverty	raw	poverty	eyes-symbols-history-s243a	raw	eyes-symbols-history-s243a
pearltrees-h5-0048	pearltrees	principal_path_lineage	s243a	10391040	media	12759321	1	12759321	1984 images	[]	1984 images	10311531	s243a-wikispaces	[]	s243a-wikispaces	5	1984 immages	corrected	1984 images	s243a-wikispaces	raw	s243a-wikispaces
pearltrees-h5-0049	pearltrees	principal_path_lineage	s243a	10390825	people	14949841	1	14949841	Sander's on Inequality	"[""Sander&#39;s on Inequality""]"	sander's on inequality	10390825	people	[]	people	5	Sander's on Inequality	raw	sander's on inequality	people	raw	people
